Date,USD_INR,GBP_INR,EUR_INR,JPY_INR,AED_INR,IDR_INR
2014-05-02,60.225,101.6839,83.459,58.77,,
2014-05-05,60.0475,101.3181,83.3423,58.88,,
2014-05-06,60.202,101.6752,83.5532,59.0,,
2014-05-07,60.0399,101.9658,83.584,59.17,,
2014-05-08,59.9913,101.7512,83.4805,58.96,,
2014-05-09,60.054,101.6534,83.0738,59.06,,
2014-05-12,59.729,100.8166,82.2235,58.6,,
2014-05-13,59.8773,100.9831,82.4035,58.55,,
2014-05-15,59.4745,99.7031,81.5526,58.34,,
2014-05-16,58.861,98.8217,80.7166,57.97,,
2014-05-19,58.426,98.2842,80.117,57.67,,
2014-05-20,58.7455,98.7747,80.5261,57.93,,
2014-05-21,58.7725,99.0199,80.5684,58.09,,
2014-05-22,58.574,98.8788,80.05,57.62,,
2014-05-23,58.483,98.6725,79.8058,57.57,,
2014-05-26,58.5873,98.661,79.814,57.48,,
2014-05-27,59.0585,99.614,80.6048,57.97,,
2014-05-28,59.077,99.2021,80.53,57.98,,
2014-05-29,58.8415,98.4065,80.0315,57.85,,
2014-05-30,59.0335,98.9106,80.335,58.1,,
2014-06-02,59.1385,99.0215,80.6285,58.01,,
2014-06-03,59.2125,99.1691,80.5645,57.88,,
2014-06-04,59.336,99.1801,80.764,57.76,,
2014-06-05,59.2973,99.3408,80.6999,57.83,,
2014-06-06,59.197,99.5161,80.8345,57.85,,
2014-06-09,59.0605,99.3457,80.616,57.65,,
2014-06-10,59.2647,99.6299,80.5934,57.95,,
2014-06-11,59.325,99.4168,80.32,57.99,,
2014-06-12,59.3283,99.6834,80.3036,58.13,,
2014-06-13,59.4783,100.9347,80.712,58.28,,
2014-06-16,60.0059,101.998,81.2541,58.96,,
2014-06-17,60.368,102.4807,81.8665,59.21,,
2014-06-18,60.124,102.0004,81.431,58.81,,
2014-06-19,60.0031,102.0473,81.7106,58.94,,
2014-06-20,60.2785,102.7688,82.12,59.17,,
2014-06-23,60.1927,102.5623,81.9065,59.05,,
2014-06-24,60.105,102.3228,81.752,58.94,,
2014-06-25,60.2785,102.2806,82.0475,59.15,,
2014-06-26,60.1618,102.2329,82.044,59.12,,
2014-06-27,60.0958,102.3972,81.882,59.27,,
2014-06-30,60.0933,102.3269,82.0094,59.28,,
2014-07-01,60.137,102.8343,82.283,59.27,,
2014-07-02,59.9745,102.8982,82.022,59.05,,
2014-07-03,59.7225,102.4539,81.5415,58.62,,
2014-07-04,59.7939,102.6601,81.3203,58.6,,
2014-07-07,59.9455,102.7826,81.3923,58.71,,
2014-07-08,59.7968,102.42,81.3225,58.73,,
2014-07-09,59.726,102.3584,81.38,58.79,,
2014-07-10,59.875,102.5898,81.6925,59.0,,
2014-07-11,60.1855,103.1459,81.872,59.41,,
2014-07-14,60.005,102.7166,81.599,59.18,,
2014-07-15,60.2195,102.7947,81.951,59.27,,
2014-07-16,60.1903,103.1361,81.656,59.19,,
2014-07-17,60.1401,103.0019,81.334,59.25,,
2014-07-18,60.33,103.1824,81.5848,59.54,,
2014-07-21,60.1853,102.8687,81.4821,59.45,,
2014-07-22,60.236,102.865,81.4414,59.32,,
2014-07-23,60.183,102.6842,81.0305,59.34,,
2014-07-24,60.002,102.1894,80.6785,59.13,,
2014-07-25,60.1448,102.2161,81.0173,59.11,,
2014-07-28,60.1013,102.04,80.7385,59.0,,
2014-07-30,60.1485,101.9216,80.636,58.9,,
2014-07-31,60.246,101.9242,80.6985,58.61,,
2014-08-01,60.851,102.6861,81.4615,59.11,,
2014-08-04,61.0187,102.6945,81.9061,59.41,,
2014-08-05,60.869,102.6738,81.6955,59.38,,
2014-08-06,61.336,103.437,81.963,59.8,,
2014-08-07,61.4123,103.4245,82.1672,60.04,,
2014-08-08,61.5575,103.5028,82.4125,60.64,,
2014-08-11,61.1165,102.5352,81.874,59.85,,
2014-08-12,61.1847,102.5578,81.7762,59.81,,
2014-08-13,61.2458,103.0154,81.899,59.91,,
2014-08-14,61.0583,101.8391,81.5552,59.55,,
2014-08-19,60.726,101.4792,81.0432,59.19,,
2014-08-20,60.669,100.8076,80.7255,58.8,,
2014-08-21,60.767,100.7213,80.559,58.53,,
2014-08-22,60.436,100.2391,80.3535,58.29,,
2014-08-25,60.427,100.1155,79.7436,58.01,,
2014-08-26,60.496,100.3266,79.91,58.24,,
2014-08-27,60.4678,100.1468,79.6545,58.17,,
2014-08-28,60.4745,100.3514,79.862,58.27,,
2014-09-01,60.4735,100.4283,79.3957,58.06,,
2014-09-02,60.61,100.4853,79.5627,57.81,,
2014-09-03,60.5445,99.7289,79.5434,57.71,,
2014-09-04,60.454,99.4589,79.4607,57.6,,
2014-09-05,60.4385,98.6417,78.1953,57.36,,
2014-09-08,60.2628,97.5112,77.9439,57.33,,
2014-09-09,60.4277,97.2463,77.9276,56.88,,
2014-09-10,60.8256,98.1482,78.6597,57.12,,
2014-09-11,60.9155,98.6587,78.6358,56.96,,
2014-09-12,60.84,98.7251,78.6418,56.74,,
2014-09-15,60.9945,99.0978,79.0306,56.85,,
2014-09-16,61.1015,99.0455,79.0348,56.96,,
2014-09-17,60.954,99.3245,78.9659,56.87,,
2014-09-18,61.0558,99.5515,78.5727,56.13,,
2014-09-19,60.8055,100.0615,78.4695,55.73,,
2014-09-22,60.7875,99.2964,78.1606,55.83,,
2014-09-23,60.8708,99.6333,78.2251,55.98,,
2014-09-24,61.0293,99.9904,78.3738,56.17,,
2014-09-25,61.0245,99.4272,77.8429,55.87,,
2014-09-26,61.572,100.4239,78.4489,56.45,,
2014-09-29,61.4273,99.7272,77.9328,56.07,,
2014-09-30,61.6135,100.276,78.206,56.36,,
2014-10-01,61.7511,100.0677,77.9546,56.24,,
2014-10-07,61.3595,98.709,77.4664,56.5,,
2014-10-08,61.4648,98.7678,77.6546,56.69,,
2014-10-09,61.0368,98.6355,77.7426,56.57,,
2014-10-10,61.1624,98.6244,77.6701,56.74,,
2014-10-13,61.2455,98.6849,77.6042,57.08,,
2014-10-14,61.1078,98.1513,77.6802,57.04,,
2014-10-16,61.4795,98.2381,78.663,57.83,,
2014-10-17,61.6165,99.1163,78.8938,58.02,,
2014-10-20,61.2873,98.6235,78.1536,57.14,,
2014-10-21,61.2967,99.1597,78.5885,57.63,,
2014-10-22,61.2355,98.6688,77.965,57.27,,
2014-10-27,61.229,98.5297,77.7547,56.71,,
2014-10-28,61.3524,98.9307,77.9237,56.89,,
2014-10-29,61.3175,99.0032,78.143,56.76,,
2014-10-30,61.4636,98.2127,77.4503,56.34,,
2014-10-31,61.408,98.0624,77.1899,55.28,,
2014-11-03,61.4118,98.0624,76.6665,54.48,,
2014-11-05,61.387,98.0043,76.9854,53.76,,
2014-11-07,61.5205,97.3931,76.1562,53.31,,
2014-11-10,61.4513,97.7567,76.6789,53.86,,
2014-11-11,61.55,97.526,76.482,53.43,,
2014-11-12,61.4785,97.923,76.7866,53.34,,
2014-11-13,61.556,97.0984,76.6126,53.18,,
2014-11-14,61.6475,96.54,76.6957,53.04,,
2014-11-17,61.678,96.9393,77.3565,53.28,,
2014-11-18,61.808,96.7666,77.0931,52.97,,
2014-11-19,61.828,96.5568,77.421,52.71,,
2014-11-20,62.1044,97.3176,77.91,52.34,,
2014-11-21,61.8505,97.0125,77.6224,52.53,,
2014-11-24,61.7798,96.7842,76.5946,52.41,,
2014-11-25,61.9195,97.1207,76.9288,52.52,,
2014-11-26,61.8658,97.2283,77.2147,52.56,,
2014-11-27,61.865,97.691,77.3746,52.71,,
2014-11-28,61.9736,97.3667,77.1633,52.45,,
2014-12-01,62.1377,97.0529,77.3677,52.26,,
2014-12-02,61.9255,97.3902,77.2149,52.31,,
2014-12-03,61.8866,96.8278,76.5723,51.93,,
2014-12-04,61.8771,97.0171,76.1274,51.6,,
2014-12-05,61.8535,96.7265,76.5313,51.51,,
2014-12-08,61.9253,96.3743,76.1,50.98,,
2014-12-09,61.875,96.9024,76.2919,51.61,,
2014-12-10,61.95,97.1562,76.7499,51.98,,
2014-12-11,62.2059,97.8001,77.4837,52.68,,
2014-12-12,62.4422,98.1529,77.3846,52.49,,
2014-12-15,62.6529,98.5342,78.0154,52.94,,
2014-12-16,63.4135,99.3055,79.0005,54.09,,
2014-12-17,63.5813,99.9816,79.394,54.34,,
2014-12-18,63.3161,98.6781,78.1067,53.39,,
2014-12-19,63.067,98.7314,77.4589,52.8,,
2014-12-22,63.1757,98.851,77.4155,52.88,,
2014-12-23,63.4475,98.8829,77.6217,52.82,,
2014-12-24,63.4614,98.5111,77.3087,52.73,,
2014-12-26,63.6355,98.9787,77.7435,52.93,,
2014-12-29,63.6539,99.1409,77.6005,52.9,,
2014-12-30,63.7498,98.8759,77.3221,53.0,,
2014-12-31,63.3315,98.5818,77.0048,52.93,,
2015-01-01,63.3213,98.6356,76.5998,52.91,,
2015-01-02,63.2878,98.3872,76.3061,52.59,,
2015-01-05,63.3888,96.8454,75.6672,52.61,,
2015-01-06,63.385,96.7192,75.7958,53.25,,
2015-01-07,63.4495,95.9864,75.2765,53.3,,
2015-01-08,62.967,94.9731,74.427,52.53,,
2015-01-09,62.3953,94.167,73.614,52.23,,
2015-01-12,62.1605,94.2788,73.7348,52.62,,
2015-01-13,62.1021,94.0971,73.4171,52.28,,
2015-01-14,62.153,94.2426,73.297,53.08,,
2015-01-15,61.7588,94.0154,72.6345,52.4,,
2015-01-16,61.8933,93.9231,72.0067,53.08,,
2015-01-19,61.699,93.4123,71.3302,52.68,,
2015-01-20,61.8475,93.266,71.5699,52.23,,
2015-01-21,61.614,93.4931,71.3798,52.39,,
2015-01-22,61.691,93.3261,71.4875,52.17,,
2015-01-23,61.4988,92.1621,69.6166,51.95,,
2015-01-27,61.464,92.7676,69.0302,52.0,,
2015-01-28,61.4105,93.1843,69.8237,52.06,,
2015-01-29,61.4998,93.123,69.3287,52.25,,
2015-01-30,61.7575,93.1303,70.0268,52.4,,
2015-02-02,61.884,93.2716,69.9413,52.61,,
2015-02-03,61.7389,92.7071,69.9378,52.76,,
2015-02-04,61.68,93.5316,70.747,52.42,,
2015-02-05,61.8748,94.0683,70.1908,52.8,,
2015-02-06,61.7363,94.6541,70.7868,52.63,,
2015-02-09,62.141,94.7899,70.3809,52.29,,
2015-02-10,61.9634,94.4136,70.2045,52.25,,
2015-02-11,62.1536,94.7221,70.333,52.0,,
2015-02-12,62.43,95.0185,70.6333,51.95,,
2015-02-13,62.136,95.7764,71.0525,52.34,,
2015-02-16,62.2023,95.9968,71.0039,52.46,,
2015-02-18,62.245,95.571,71.0091,52.32,,
2015-02-20,62.255,96.0097,70.7217,52.35,,
2015-02-23,62.1838,95.7071,70.7589,52.28,,
2015-02-24,62.2758,96.2099,70.6021,52.24,,
2015-02-25,62.0468,96.0298,70.4293,52.28,,
2015-02-26,61.9395,96.2416,70.388,52.06,,
2015-02-27,61.7908,95.4235,69.286,51.85,,
2015-03-02,61.8248,95.2658,69.1387,51.62,,
2015-03-03,61.8387,95.1388,69.247,51.68,,
2015-03-04,61.8543,94.9649,69.0974,51.7,,
2015-03-05,62.2015,94.7142,68.602,51.89,,
2015-03-09,62.616,94.3936,67.9634,51.76,,
2015-03-10,62.6983,94.549,67.6577,51.47,,
2015-03-11,62.745,94.6006,67.0995,51.74,,
2015-03-12,62.5665,93.5682,65.9451,51.57,,
2015-03-13,62.6733,93.1639,66.4212,51.6,,
2015-03-16,62.8215,92.825,66.1699,51.84,,
2015-03-17,62.692,92.991,66.372,51.69,,
2015-03-18,62.672,92.46,66.3383,51.64,,
2015-03-19,62.4208,92.9945,67.2896,51.79,,
2015-03-20,62.4923,92.2636,66.8043,51.79,,
2015-03-23,62.2879,93.0207,67.3644,51.95,,
2015-03-24,62.1988,92.9312,68.033,51.99,,
2015-03-25,62.3419,92.6463,68.121,52.07,,
2015-03-26,62.6728,93.2634,68.8523,52.75,,
2015-03-27,62.6069,92.9525,68.1476,52.53,,
2015-03-30,62.6305,92.9437,68.0606,52.52,,
2015-03-31,62.5908,92.4591,67.5104,52.11,,
2015-04-06,62.158,92.7335,68.2308,52.23,,
2015-04-07,62.3321,92.8312,68.0791,52.14,,
2015-04-08,62.3295,92.5281,67.5963,51.98,,
2015-04-09,62.256,92.4937,66.9937,51.77,,
2015-04-10,62.366,91.6032,66.4884,51.74,,
2015-04-13,62.3885,91.056,66.163,51.83,,
2015-04-15,62.4026,92.1499,66.4837,52.19,,
2015-04-16,62.3685,92.4426,66.5597,52.27,,
2015-04-17,62.346,93.095,67.1342,52.41,,
2015-04-20,62.5633,93.5634,67.4933,52.74,,
2015-04-21,62.92,93.5746,67.3433,52.65,,
2015-04-22,62.8183,93.8505,67.5862,52.55,,
2015-04-23,63.185,94.9355,67.6585,52.75,,
2015-04-24,63.4006,95.4242,68.4853,53.04,,
2015-04-27,63.6115,96.5559,69.1839,53.45,,
2015-04-28,63.3305,96.5157,68.9289,53.2,,
2015-04-29,63.2025,97.0095,69.3395,53.08,,
2015-04-30,63.578,97.9864,70.5334,53.53,,
2015-05-05,63.5194,95.9588,70.5383,52.86,,
2015-05-06,63.6425,96.8066,71.5087,53.1,,
2015-05-07,63.88,97.2062,72.5102,53.47,,
2015-05-08,64.0493,99.0394,71.7608,53.41,,
2015-05-11,63.8495,98.4687,71.5114,53.25,,
2015-05-12,64.202,100.0331,71.9127,53.43,,
2015-05-13,64.1895,100.5785,72.0784,53.54,,
2015-05-14,63.838,100.647,72.8775,53.68,,
2015-05-15,63.5788,100.2956,72.3781,53.2,,
2015-05-18,63.5543,99.8629,72.6743,53.12,,
2015-05-19,63.6868,99.7272,71.9024,53.09,,
2015-05-20,63.8655,98.8893,70.731,52.76,,
2015-05-21,63.7,98.9197,70.6688,52.59,,
2015-05-22,63.5728,99.6694,70.9282,52.66,,
2015-05-25,63.6228,98.5072,69.9342,52.34,,
2015-05-26,63.845,98.3788,69.6421,52.11,,
2015-05-27,63.9475,98.639,69.8562,52.02,,
2015-05-28,63.901,98.1647,69.7352,51.6,,
2015-05-29,63.7615,97.7974,69.9081,51.48,,
2015-06-01,63.6083,97.2698,69.6256,51.2,,
2015-06-02,63.833,97.1028,69.7376,51.21,,
2015-06-03,63.8515,98.1206,71.2838,51.52,,
2015-06-04,64.1775,98.3007,72.251,51.6,,
2015-06-05,63.8955,97.9774,71.8185,51.33,,
2015-06-08,64.11,97.8447,71.1172,51.06,,
2015-06-09,63.936,98.2696,72.3692,51.46,,
2015-06-10,63.8849,98.4722,72.1452,51.94,,
2015-06-11,63.891,98.8969,72.3118,51.85,,
2015-06-12,64.0301,99.2723,71.8994,51.85,,
2015-06-15,64.0868,99.5717,71.8413,51.93,,
2015-06-16,64.1505,100.0363,72.272,51.91,,
2015-06-17,64.1135,100.3184,72.1662,51.91,,
2015-06-18,63.8495,100.9971,72.4564,51.89,,
2015-06-19,63.8195,101.256,72.3585,51.83,,
2015-06-22,63.5098,100.9361,72.3186,51.73,,
2015-06-23,63.6406,100.4121,71.6275,51.46,,
2015-06-24,63.66,100.5,71.3119,51.38,,
2015-06-25,63.6121,99.7947,71.1692,51.4,,
2015-06-26,63.6042,100.0939,71.2303,51.54,,
2015-06-29,63.917,100.4008,70.411,52.17,,
2015-06-30,63.7549,100.1207,71.2015,52.07,,
2015-07-01,63.6223,99.8934,70.7671,51.85,,
2015-07-02,63.5705,99.2018,70.3535,51.52,,
2015-07-03,63.3963,98.9426,70.3319,51.49,,
2015-07-06,63.5785,99.1062,70.2924,51.89,,
2015-07-07,63.3749,98.8585,69.9659,51.67,,
2015-07-08,63.569,98.2205,69.9323,52.17,,
2015-07-09,63.5065,97.8508,70.4986,52.3,,
2015-07-10,63.3793,97.6548,70.4334,51.97,,
2015-07-13,63.4655,98.4731,70.6942,51.77,,
2015-07-14,63.4978,98.1993,69.7269,51.48,,
2015-07-15,63.3847,99.1337,69.6851,51.34,,
2015-07-16,63.4955,99.1736,69.3942,51.28,,
2015-07-17,63.4928,99.4297,69.1437,51.2,,
2015-07-20,63.551,99.1014,68.8321,51.2,,
2015-07-21,63.6506,99.1358,68.9081,51.17,,
2015-07-22,63.5283,99.1931,69.6016,51.38,,
2015-07-23,63.7138,99.5719,69.6264,51.37,,
2015-07-24,63.8916,99.1023,70.121,51.56,,
2015-07-27,64.0028,99.4348,70.6143,51.85,,
2015-07-28,64.027,99.7156,70.8843,51.84,,
2015-07-29,63.8943,99.7134,70.6288,51.75,,
2015-07-30,64.0061,99.8303,70.0739,51.53,,
2015-07-31,64.0054,99.8356,70.1627,51.55,,
2015-08-03,63.9623,99.9347,70.1602,51.56,,
2015-08-04,63.9315,99.8226,70.0497,51.59,,
2015-08-05,63.8159,99.1508,69.3104,51.29,,
2015-08-06,63.7603,99.6,69.7091,51.11,,
2015-08-07,63.8061,98.925,69.6571,51.13,,
2015-08-10,63.759,98.7563,69.8799,51.22,,
2015-08-11,64.1732,99.8471,70.3595,51.37,,
2015-08-12,64.827,101.0005,71.8218,51.91,,
2015-08-13,64.9212,101.4394,72.2573,52.16,,
2015-08-14,65.1225,101.6171,72.5595,52.35,,
2015-08-17,65.22,102.2324,72.3942,52.42,,
2015-08-19,65.2525,102.2507,72.1954,52.5,,
2015-08-20,65.2385,102.2092,72.5713,52.59,,
2015-08-21,65.8298,103.3857,74.2692,53.55,,
2015-08-24,66.5093,104.0072,76.2729,54.97,,
2015-08-25,66.709,105.1,77.1089,56.01,,
2015-08-26,66.161,103.8794,75.8867,55.28,,
2015-08-27,66.0605,102.3475,74.9655,55.08,,
2015-08-28,66.0808,101.923,74.3673,54.54,,
2015-08-31,66.3062,102.3105,74.495,54.75,,
2015-09-01,66.2603,101.9945,74.788,55.05,,
2015-09-02,66.1638,101.2174,74.6063,55.09,,
2015-09-03,66.228,101.2229,74.3343,54.98,,
2015-09-04,66.4003,101.1941,73.8903,55.57,,
2015-09-07,66.7445,101.3649,74.2733,55.93,,
2015-09-08,66.606,102.3002,74.6054,55.6,,
2015-09-09,66.2945,101.888,73.9847,55.07,,
2015-09-10,66.584,102.293,74.7139,55.14,,
2015-09-11,66.3866,102.5939,74.8974,55.0,,
2015-09-14,66.3708,102.5429,75.3242,55.18,,
2015-09-15,66.4383,102.408,75.0487,55.55,,
2015-09-16,66.5,101.9977,75.0253,55.34,,
2015-09-18,65.9255,102.7515,75.1287,55.01,,
2015-09-21,65.7531,102.1672,74.3799,54.83,,
2015-09-22,65.625,101.7319,73.2638,54.5,,
2015-09-23,65.9696,101.1908,73.378,54.92,,
2015-09-24,66.0993,100.8874,73.9585,55.08,,
2015-09-28,66.0805,100.3168,73.8119,54.92,,
2015-09-29,66.1843,100.4611,74.6096,55.42,,
2015-09-30,65.7418,99.5331,73.7952,54.8,,
2015-10-01,65.554,99.1701,73.0796,54.54,,
2015-10-05,65.2905,99.3134,73.3931,54.39,,
2015-10-06,65.3908,99.054,73.1919,54.41,,
2015-10-07,65.2571,99.5301,73.4664,54.34,,
2015-10-08,65.157,99.7814,73.3277,54.41,,
2015-10-09,64.7848,99.5418,73.0837,53.96,,
2015-10-12,64.726,99.2962,73.5999,53.86,,
2015-10-13,65.0215,99.886,73.9164,54.26,,
2015-10-14,65.1123,99.4981,74.241,54.41,,
2015-10-15,64.824,100.4124,74.5022,54.61,,
2015-10-16,64.9697,100.5536,73.994,54.54,,
2015-10-19,64.8178,100.1176,73.7497,54.36,,
2015-10-20,64.8908,100.3926,73.5213,54.33,,
2015-10-21,65.1513,100.535,73.9728,54.31,,
2015-10-23,64.8815,99.8851,72.0639,53.79,,
2015-10-26,64.9603,99.5452,71.6447,53.63,,
2015-10-27,64.9553,99.7324,71.8406,53.83,,
2015-10-28,65.0408,99.584,71.753,54.01,,
2015-10-29,65.1515,99.3626,71.2497,53.93,,
2015-10-30,65.2231,99.9348,71.6671,53.92,,
2015-11-02,65.4793,101.0608,72.2171,54.38,,
2015-11-03,65.451,100.9647,72.1008,54.24,,
2015-11-04,65.568,101.1255,71.797,54.17,,
2015-11-05,65.6755,101.0221,71.3499,54.05,,
2015-11-06,65.791,99.9497,71.5477,54.0,,
2015-11-09,66.3378,100.0308,71.4458,53.79,,
2015-11-10,66.3495,100.2806,71.2992,53.8,,
2015-11-13,66.139,100.5511,71.2648,53.9,,
2015-11-16,66.169,100.6563,70.9729,54.05,,
2015-11-17,65.9805,100.1056,70.3484,53.48,,
2015-11-18,66.1138,100.5128,70.3914,53.63,,
2015-11-19,66.1105,101.0301,70.7779,53.62,,
2015-11-20,66.094,101.0379,70.8594,53.82,,
2015-11-23,66.349,100.6647,70.4693,53.87,,
2015-11-24,66.384,100.4523,70.5529,54.1,,
2015-11-26,66.5507,100.6446,70.6968,54.3,,
2015-11-27,66.7503,100.6795,70.8755,54.53,,
2015-11-30,66.8148,100.3692,70.6834,54.41,,
2015-12-01,66.518,100.4355,70.4359,54.13,,
2015-12-02,66.6158,100.3434,70.666,54.12,,
2015-12-03,66.745,99.6102,70.6696,54.08,,
2015-12-04,66.8365,101.0434,73.0456,54.51,,
2015-12-07,66.6263,100.6524,72.4028,54.05,,
2015-12-08,66.7983,100.4914,72.5162,54.27,,
2015-12-09,66.75,100.2919,72.891,54.4,,
2015-12-10,66.7905,101.3679,73.4629,54.91,,
2015-12-11,66.786,101.1006,73.104,54.75,,
2015-12-14,66.994,101.784,73.4656,55.29,,
2015-12-15,67.0435,101.6715,73.9289,55.49,,
2015-12-16,66.8468,100.5777,73.1571,54.84,,
2015-12-17,66.6488,99.6133,72.3273,54.43,,
2015-12-18,66.4235,99.1703,72.1359,54.48,,
2015-12-21,66.324,98.9886,72.134,54.67,,
2015-12-22,66.2985,98.7052,72.3317,54.68,,
2015-12-23,66.202,98.2967,72.4117,54.74,,
2015-12-28,66.138,98.6911,72.5534,54.92,,
2015-12-29,66.37,98.9112,72.8477,55.16,,
2015-12-30,66.4243,98.5471,72.6018,55.17,,
2015-12-31,66.326,98.3482,72.501,55.09,,
2016-01-01,66.178,97.6059,71.8627,55.01,,
2016-01-04,66.4623,97.9455,72.3907,55.65,,
2016-01-05,66.5418,97.9562,72.0315,55.71,,
2016-01-06,66.7165,97.773,71.7002,56.19,,
2016-01-07,66.9115,97.8514,72.3782,56.78,,
2016-01-08,66.669,97.4501,72.5292,56.32,,
2016-01-11,66.7885,97.057,72.9264,56.93,,
2016-01-12,66.8905,97.1518,72.7434,56.91,,
2016-01-13,66.8394,96.603,72.4272,56.57,,
2016-01-14,67.095,96.6369,72.9725,57.01,,
2016-01-15,67.4325,97.1095,73.3868,57.25,,
2016-01-18,67.588,96.4819,73.6101,57.68,,
2016-01-19,67.563,96.4192,73.5018,57.37,,
2016-01-20,67.9774,96.2016,74.4828,58.24,,
2016-01-21,68.06,96.5567,74.165,58.3,,
2016-01-22,67.748,96.4461,73.405,57.38,,
2016-01-25,67.6428,96.736,73.1219,56.93,,
2016-01-27,67.9803,97.5109,73.813,57.45,,
2016-01-28,68.0858,97.0155,74.0637,57.36,,
2016-01-29,67.8763,97.7554,74.0666,56.26,,
2016-02-01,67.6728,96.5149,73.4115,55.78,,
2016-02-02,67.834,97.6131,73.9323,56.21,,
2016-02-03,68.1825,98.3192,74.4553,56.98,,
2016-02-04,67.8093,98.7914,75.1327,57.42,,
2016-02-05,67.6365,98.472,75.7326,57.91,,
2016-02-08,67.819,98.3308,75.5368,57.75,,
2016-02-09,68.1623,98.2696,76.3827,59.39,,
2016-02-10,67.8781,98.2943,76.648,59.21,,
2016-02-11,68.0155,98.8061,76.8439,60.54,,
2016-02-12,68.4365,98.9797,77.3606,60.94,,
2016-02-15,68.1348,99.0067,76.5086,59.84,,
2016-02-16,68.336,98.4312,76.2425,59.68,,
2016-02-17,68.592,98.018,76.6104,60.32,,
2016-02-18,68.494,97.8642,76.3297,60.15,,
2016-02-22,68.5517,97.8438,76.1952,60.75,,
2016-02-23,68.6408,96.8934,75.7657,61.12,,
2016-02-24,68.565,95.8127,75.4695,61.27,,
2016-02-25,68.599,95.5721,75.6784,61.01,,
2016-02-26,68.7775,96.089,76.0404,61.03,,
2016-02-29,68.616,95.1978,75.0796,60.78,,
2016-03-01,68.158,95.0395,74.2172,60.5,,
2016-03-02,67.7022,94.6003,73.5314,59.42,,
2016-03-03,67.3786,94.896,73.1664,59.05,,
2016-03-04,67.2713,95.2158,73.6688,59.1,,
2016-03-08,67.338,95.9028,74.193,59.59,,
2016-03-09,67.4632,95.6965,74.0611,59.92,,
2016-03-10,67.051,95.2258,73.622,58.99,,
2016-03-11,67.0868,95.753,74.9427,59.13,,
2016-03-14,67.023,96.3389,74.8044,58.9,,
2016-03-15,67.229,95.9223,74.6444,59.31,,
2016-03-16,67.368,95.1708,74.7583,59.4,,
2016-03-17,66.8806,95.1644,75.0735,59.59,,
2016-03-18,66.6088,96.323,75.3012,59.87,,
2016-03-21,66.504,95.8722,74.9168,59.66,,
2016-03-22,66.5411,95.7526,74.8987,59.37,,
2016-03-23,66.864,94.9268,74.9077,59.52,,
2016-03-28,66.668,94.3019,74.4215,58.72,,
2016-03-29,66.558,94.6654,74.4717,58.58,,
2016-03-30,66.4105,95.6311,75.0306,59.11,,
2016-03-31,66.3329,95.0882,75.0955,59.06,,
2016-04-04,66.243,94.1578,75.3713,59.44,,
2016-04-05,66.3248,94.42,75.524,59.98,,
2016-04-06,66.5807,94.0918,75.629,60.31,,
2016-04-07,66.4698,94.0415,75.8952,61.04,,
2016-04-11,66.3925,93.786,75.7538,61.53,,
2016-04-12,66.495,94.7487,75.9107,61.38,,
2016-04-13,66.4293,94.6684,75.4637,60.98,,
2016-04-18,66.6663,94.3928,75.2596,61.73,,
2016-04-20,66.2406,95.2076,75.2758,60.82,,
2016-04-21,66.293,95.1437,74.8978,60.48,,
2016-04-22,66.4925,95.4433,75.1033,60.15,,
2016-04-25,66.6839,96.3249,74.9527,59.99,,
2016-04-26,66.733,96.7695,75.1814,60.22,,
2016-04-27,66.546,96.9242,75.177,59.85,,
2016-04-28,66.4045,96.831,75.4222,61.32,,
2016-04-29,66.5176,97.4017,75.7303,61.96,,
2016-05-02,66.3435,97.0207,76.0562,62.31,,
2016-05-03,66.2698,97.569,76.6145,62.65,,
2016-05-04,66.5388,96.8273,76.4597,62.21,,
2016-05-05,66.5105,96.5865,76.3807,62.15,,
2016-05-06,66.583,96.3456,75.9313,62.13,,
2016-05-09,66.4379,95.7702,75.8056,61.73,,
2016-05-10,66.7224,96.1069,75.9568,61.35,,
2016-05-11,66.6958,96.4355,75.9665,61.43,,
2016-05-12,66.5977,96.1538,76.0612,61.16,,
2016-05-13,66.7609,96.1557,75.7202,61.47,,
2016-05-16,66.8216,95.9625,75.5953,61.45,,
2016-05-17,66.7233,96.5953,75.4907,61.07,,
2016-05-18,66.9131,96.6091,75.4847,61.25,,
2016-05-19,67.2307,98.0493,75.453,61.01,,
2016-05-20,67.4076,98.4555,75.5437,61.17,,
2016-05-23,67.3492,97.7641,75.6197,61.38,,
2016-05-24,67.706,98.0654,75.9323,61.97,,
2016-05-25,67.4467,98.5599,75.2098,61.32,,
2016-05-26,67.2855,98.9501,75.2185,61.34,,
2016-05-27,67.0613,98.3923,75.0885,61.12,,
2016-05-30,67.3398,98.4373,74.8415,60.49,,
2016-05-31,67.203,98.654,74.7902,60.4,,
2016-06-01,67.3526,97.5333,74.9634,61.31,,
2016-06-02,67.2533,97.0465,75.3035,61.58,,
2016-06-03,67.2415,96.9017,74.9944,61.83,,
2016-06-06,66.9614,96.17,75.9409,62.6,,
2016-06-07,66.8305,96.9376,75.9194,62.1,,
2016-06-08,66.737,97.0823,75.8199,62.26,,
2016-06-09,66.625,96.7195,75.8925,62.41,,
2016-06-10,66.7948,96.5719,75.4714,62.4,,
2016-06-13,67.0737,95.1172,75.5116,63.32,,
2016-06-14,67.152,95.1007,75.7542,63.46,,
2016-06-15,67.1596,95.1114,75.2859,63.19,,
2016-06-16,67.2068,95.2388,75.816,64.55,,
2016-06-17,67.1682,95.5535,75.4568,64.39,,
2016-06-20,67.4087,98.1538,76.5358,64.44,,
2016-06-21,67.4767,99.2582,76.4511,64.59,,
2016-06-22,67.557,99.1534,76.0354,64.61,,
2016-06-23,67.3702,99.4721,76.3776,64.52,,
2016-06-24,68.0144,92.9553,75.1015,66.45,,
2016-06-27,67.9,90.9113,74.8801,66.69,,
2016-06-28,67.8867,90.1739,75.0623,66.69,,
2016-06-29,67.7443,90.4928,75.02,66.21,,
2016-06-30,67.6166,90.5183,75.0071,65.91,,
2016-07-01,67.441,89.5482,74.7449,65.67,,
2016-07-04,67.1848,89.302,74.8304,65.47,,
2016-07-05,67.4028,89.1537,75.0328,66.06,,
2016-07-07,67.4972,87.6114,74.8274,67.0,,
2016-07-08,67.4584,87.3182,74.7169,67.15,,
2016-07-11,67.1426,86.9161,74.1053,65.89,,
2016-07-12,67.1471,87.862,74.446,64.94,,
2016-07-13,67.2046,89.288,74.3484,64.53,,
2016-07-14,66.9136,88.5468,74.3544,63.38,,
2016-07-15,67.0655,89.9281,74.6037,63.38,,
2016-07-18,67.1015,88.6881,74.1673,63.51,,
2016-07-19,67.1462,88.7203,74.3443,63.35,,
2016-07-20,67.172,88.0423,73.99,63.23,,
2016-07-21,67.2035,88.9774,74.1523,62.73,,
2016-07-22,67.1355,88.9478,74.0303,63.41,,
2016-07-25,67.243,88.3506,73.7992,63.37,,
2016-07-26,67.368,88.1712,74.1654,64.58,,
2016-07-27,67.2362,88.3013,73.8859,63.57,,
2016-07-28,67.055,88.4254,74.364,64.07,,
2016-07-29,67.034,88.2972,74.2737,64.69,,
2016-08-01,66.7412,88.4388,74.5165,65.08,,
2016-08-02,66.7612,88.0313,74.599,65.32,,
2016-08-03,66.9368,89.0126,74.9893,66.26,,
2016-08-04,66.9447,89.0699,74.5965,65.95,,
2016-08-05,66.8141,87.747,74.451,66.13,,
2016-08-08,66.7407,87.2768,74.0622,65.4,,
2016-08-09,66.9633,86.992,74.1752,65.36,,
2016-08-10,66.7442,87.0411,74.3797,65.84,,
2016-08-11,66.8571,86.9543,74.6526,65.91,,
2016-08-12,66.8252,86.6255,74.4633,65.44,,
2016-08-16,66.8983,86.3389,75.0198,66.68,,
2016-08-18,66.7939,87.2596,75.5773,66.84,,
2016-08-19,66.9296,87.9723,75.8714,66.82,,
2016-08-22,67.194,87.6747,75.8083,66.67,,
2016-08-23,67.0885,88.2885,76.0381,67.03,,
2016-08-24,67.132,88.386,75.8055,66.9,,
2016-08-25,67.0876,88.6563,75.5943,66.84,,
2016-08-26,67.0299,88.5934,75.7371,66.72,,
2016-08-29,67.181,88.0138,75.1823,65.62,,
2016-08-30,67.0879,87.6906,74.9439,65.61,,
2016-08-31,66.9813,87.6852,74.6239,64.89,,
2016-09-01,66.9539,88.0511,74.6603,64.78,,
2016-09-02,66.8405,88.704,74.8012,64.52,,
2016-09-06,66.5469,88.6471,74.1665,64.2,,
2016-09-07,66.3618,89.0376,74.6902,65.46,,
2016-09-08,66.4483,88.6088,74.7676,65.33,,
2016-09-09,66.5462,88.5863,75.0242,65.13,,
2016-09-12,66.9017,88.7719,75.2176,65.26,,
2016-09-14,66.9642,88.4932,75.2075,64.83,,
2016-09-15,67.0248,88.7073,75.3627,65.58,,
2016-09-16,66.8804,88.4694,75.1535,65.52,,
2016-09-19,66.8737,87.2568,74.6845,65.54,,
2016-09-20,67.02,87.374,74.8814,65.86,,
2016-09-21,67.0631,87.0077,74.6949,65.49,,
2016-09-22,66.8451,87.3398,75.0203,66.65,,
2016-09-23,66.6519,86.9207,74.6701,66.08,,
2016-09-26,66.7095,86.4689,74.8814,66.13,,
2016-09-27,66.4627,86.3417,74.7373,65.84,,
2016-09-28,66.4482,86.4823,74.4552,66.09,,
2016-09-29,66.5521,86.6109,74.6848,65.43,,
2016-09-30,66.6596,86.4242,74.7521,66.05,,
2016-10-03,66.533,85.8675,74.7166,65.7,,
2016-10-04,66.5559,85.318,74.4428,65.08,,
2016-10-05,66.5699,84.4772,74.6515,64.7,,
2016-10-06,66.6322,84.6695,74.5814,64.34,,
2016-10-07,66.7875,83.2373,74.2744,64.3,,
2016-10-10,66.5856,82.4796,74.4027,64.56,,
2016-10-13,66.8473,81.3131,73.6657,64.44,,
2016-10-14,66.8481,81.4811,73.6867,64.23,,
2016-10-17,66.7779,81.3088,73.3689,64.12,,
2016-10-18,66.7268,81.7136,73.5463,64.14,,
2016-10-19,66.7145,81.7853,73.2125,64.4,,
2016-10-20,66.7411,81.9114,73.1482,64.35,,
2016-10-21,66.8943,81.9589,72.975,64.4,,
2016-10-24,66.8625,81.6725,72.7999,64.43,,
2016-10-25,66.8777,81.7714,72.7897,64.06,,
2016-10-26,66.7621,81.363,72.8174,64.13,,
2016-10-27,66.8854,81.6938,72.9385,63.93,,
2016-10-28,66.8566,81.2976,72.9071,63.44,,
2016-11-01,66.714,81.5579,73.1786,63.68,,
2016-11-02,66.8294,81.8861,73.9534,64.37,,
2016-11-03,66.6942,82.2473,74.1506,64.95,,
2016-11-04,66.7219,83.1355,74.0546,64.62,,
2016-11-07,66.7301,82.9322,73.8435,63.88,,
2016-11-08,66.7073,82.7104,73.6515,63.91,,
2016-11-09,66.7968,83.4292,74.9727,65.05,,
2016-11-10,66.4273,82.5093,72.7113,63.02,,
2016-11-11,67.0292,84.1753,73.1155,62.94,,
2016-11-15,67.7173,84.4232,72.7758,62.61,,
2016-11-16,67.7791,84.6154,72.8422,62.12,,
2016-11-17,67.9106,84.3178,72.5625,62.1,,
2016-11-18,68.0937,84.4158,72.2134,61.56,,
2016-11-21,68.2575,84.2025,72.353,61.45,,
2016-11-22,68.2317,85.1668,72.4348,61.46,,
2016-11-23,68.4772,84.9665,72.7844,61.71,,
2016-11-24,68.656,85.36,72.384,60.9,,
2016-11-25,68.4626,85.2222,72.3855,60.32,,
2016-11-28,68.7235,85.8494,73.1768,61.32,,
2016-11-29,68.6535,85.2265,72.8002,61.25,,
2016-11-30,68.526,85.5342,72.8431,60.79,,
2016-12-01,68.3734,85.6992,72.6262,60.01,,
2016-12-02,68.3689,86.2816,73.0385,59.96,,
2016-12-05,68.1703,86.5354,72.0424,60.11,,
2016-12-06,68.0322,86.7274,73.1074,59.68,,
2016-12-07,67.8707,85.8632,72.7506,59.41,,
2016-12-08,67.4325,85.2414,72.6113,59.44,,
2016-12-09,67.584,85.1289,71.7607,59.06,,
2016-12-13,67.4867,85.5461,71.7654,58.54,,
2016-12-14,67.5604,85.545,71.918,58.66,,
2016-12-15,67.7994,85.1154,71.1555,57.72,,
2016-12-16,67.7777,84.2341,70.7531,57.38,,
2016-12-19,67.7262,84.5426,70.8416,57.73,,
2016-12-20,67.8954,84.102,70.4686,57.66,,
2016-12-21,67.8724,83.9649,70.6077,57.7,,
2016-12-22,67.9136,83.914,70.8678,57.73,,
2016-12-23,67.9117,83.4839,70.9474,57.88,,
2016-12-26,67.8331,83.3126,70.967,57.96,,
2016-12-27,67.9967,83.4999,71.0498,57.97,,
2016-12-28,68.225,83.8622,71.452,58.06,,
2016-12-29,68.1241,83.418,71.2101,58.41,,
2016-12-30,67.9547,83.4212,71.6175,58.22,,
2017-01-02,68.0225,83.967,71.5121,58.19,,
2017-01-03,68.0864,83.7599,71.3818,58.03,,
2017-01-04,68.1791,83.533,70.9949,57.81,,
2017-01-05,67.7884,83.7051,71.5574,58.33,,
2017-01-06,67.9522,84.0976,71.8662,58.5,,
2017-01-09,68.1863,83.1259,71.8206,58.1,,
2017-01-10,68.0641,82.6979,72.182,58.88,,
2017-01-11,68.2276,82.9579,72.3213,58.82,,
2017-01-12,68.0858,83.194,72.2322,59.45,,
2017-01-13,68.231,82.9757,72.475,59.4,,
2017-01-16,68.1558,81.9982,72.4155,59.79,,
2017-01-17,68.0509,82.4573,72.5014,59.98,,
2017-01-18,67.9364,83.8403,72.5968,59.97,,
2017-01-19,68.1766,83.6936,72.5194,59.48,,
2017-01-20,68.0883,84.1231,72.7319,59.38,,
2017-01-23,68.0843,84.6492,73.1498,60.1,,
2017-01-24,68.157,85.1485,73.2347,60.27,,
2017-01-25,68.1556,85.3104,73.0901,59.98,,
2017-01-27,68.2043,85.4941,72.7467,59.24,,
2017-01-30,68.0426,85.5159,72.9621,59.38,,
2017-01-31,67.8125,84.847,72.5526,59.77,,
2017-02-01,67.6458,84.9496,72.9154,59.69,,
2017-02-02,67.448,85.4903,72.7966,59.91,,
2017-02-03,67.3825,84.3225,72.4429,59.6,,
2017-02-06,67.1958,83.9208,72.4035,59.73,,
2017-02-07,67.3692,83.9488,72.0716,60.26,,
2017-02-08,67.3058,84.1659,71.8759,59.94,,
2017-02-09,67.0123,83.819,71.5423,59.71,,
2017-02-10,66.9367,83.7713,71.3344,58.89,,
2017-02-13,66.9663,83.7614,71.1718,58.89,,
2017-02-14,66.9439,83.9811,71.0877,59.06,,
2017-02-15,66.9193,83.4149,70.8207,58.56,,
2017-02-16,66.9468,83.4358,71.0239,58.75,,
2017-02-17,67.0467,83.7614,71.5053,59.15,,
2017-02-20,66.9771,83.1923,71.056,59.16,,
2017-02-22,66.9644,83.6921,70.5403,58.98,,
2017-02-23,66.8351,83.1228,70.5444,59.01,,
2017-02-27,66.7249,82.8923,70.5149,59.51,,
2017-02-28,66.7375,83.0548,70.7151,59.35,,
2017-03-01,66.8482,82.718,70.5716,58.91,,
2017-03-02,66.7433,81.9875,70.3074,58.5,,
2017-03-03,66.8354,81.9603,70.3509,58.55,,
2017-03-06,66.7559,81.9762,70.7346,58.67,,
2017-03-07,66.6347,81.5342,70.5595,58.48,,
2017-03-08,66.6362,81.3162,70.4011,58.61,,
2017-03-09,66.7707,81.1665,70.3229,58.33,,
2017-03-10,66.688,81.0526,70.6426,57.79,,
2017-03-14,66.18,80.5014,70.4354,57.57,,
2017-03-15,65.5146,80.0654,69.6224,57.08,,
2017-03-16,65.3836,80.2649,70.1893,57.73,,
2017-03-17,65.5411,80.9957,70.6074,57.84,,
2017-03-20,65.3827,81.0157,70.3779,58.06,,
2017-03-21,65.3117,80.6273,70.295,57.95,,
2017-03-22,65.4881,81.6833,70.7206,58.7,,
2017-03-23,65.422,81.8495,70.6688,58.81,,
2017-03-24,65.4581,81.6721,70.4656,58.74,,
2017-03-27,65.0892,81.6479,70.6739,59.08,,
2017-03-29,64.9552,80.4795,70.1061,58.41,,
2017-03-30,64.9325,80.7501,69.8739,58.43,,
2017-03-31,64.8386,80.8797,69.2476,57.96,,
2017-04-03,64.9103,81.43,69.2788,58.23,,
2017-04-05,65.0438,80.8755,69.4017,58.76,,
2017-04-06,64.9791,81.1524,69.3912,58.79,,
2017-04-07,64.3928,80.2592,68.559,58.19,,
2017-04-10,64.4418,79.8563,68.2503,57.87,,
2017-04-11,64.5438,80.1376,68.3067,58.37,,
2017-04-12,64.692,80.8132,68.6706,59.06,,
2017-04-13,64.3165,80.8265,68.6193,58.97,,
2017-04-17,64.4053,80.7192,68.4049,59.39,,
2017-04-18,64.5657,81.1785,68.7431,59.22,,
2017-04-19,64.5443,82.7458,69.1915,59.39,,
2017-04-20,64.6364,82.8057,69.3355,59.35,,
2017-04-21,64.5701,82.7014,69.1675,59.03,,
2017-04-24,64.4757,82.458,69.9884,58.56,,
2017-04-25,64.2776,82.2689,69.8569,58.33,,
2017-04-26,64.0013,82.1265,70.043,57.47,,
2017-04-27,64.1141,82.5854,69.8908,57.6,,
2017-04-28,64.217,82.8271,69.8809,57.72,,
2017-05-02,64.2072,82.6925,70.0436,57.27,,
2017-05-03,64.1439,82.7969,70.0323,57.24,,
2017-05-04,64.2115,82.5631,69.9392,56.95,,
2017-05-05,64.3079,83.1308,70.5972,57.37,,
2017-05-08,64.2154,83.2553,70.4957,56.99,,
2017-05-09,64.5065,83.5295,70.4669,56.9,,
2017-05-11,64.438,83.415,70.1472,56.48,,
2017-05-12,64.3043,82.869,69.8859,56.56,,
2017-05-15,64.1188,82.8351,70.1332,56.48,,
2017-05-16,64.0758,82.7795,70.5539,56.52,,
2017-05-17,64.0214,82.7669,71.1598,56.99,,
2017-05-18,64.3441,83.3063,71.6214,57.8,,
2017-05-19,64.9906,84.1823,72.2955,58.44,,
2017-05-22,64.5632,83.9515,72.2333,57.98,,
2017-05-23,64.7751,84.0327,72.7489,58.37,,
2017-05-24,64.8586,84.0957,72.473,57.96,,
2017-05-25,64.5088,83.7711,72.4692,57.74,,
2017-05-26,64.5945,83.1848,72.3329,57.95,,
2017-05-29,64.5565,82.8195,72.1354,58.03,,
2017-05-30,64.6336,82.7892,71.8338,58.24,,
2017-05-31,64.5459,82.6446,72.143,58.15,,
2017-06-01,64.4704,82.8703,72.4518,58.07,,
2017-06-02,64.4208,82.9225,72.2673,57.72,,
2017-06-05,64.3485,82.7972,72.4886,58.2,,
2017-06-06,64.3516,83.1616,72.5178,58.71,,
2017-06-07,64.4538,83.2485,72.6588,58.93,,
2017-06-08,64.3554,83.4303,72.5092,58.76,,
2017-06-09,64.2584,81.7495,71.9823,58.31,,
2017-06-12,64.3407,82.0859,72.1324,58.36,,
2017-06-13,64.4453,81.7424,72.1465,58.59,,
2017-06-14,64.3141,82.1098,72.1283,58.45,,
2017-06-15,64.2801,81.9121,72.1094,58.62,,
2017-06-16,64.5883,82.5116,72.0482,58.05,,
2017-06-19,64.3788,82.2053,72.1043,57.98,,
2017-06-20,64.4672,82.1506,71.9583,57.8,,
2017-06-21,64.6025,81.5348,71.9413,58.07,,
2017-06-22,64.495,81.799,72.0732,58.05,,
2017-06-23,64.5365,81.9743,72.0808,58.01,,
2017-06-27,64.4572,82.0798,72.1921,57.71,,
2017-06-28,64.5288,82.6614,73.3757,57.44,,
2017-06-29,64.4715,83.5615,73.5233,57.4,,
2017-06-30,64.7379,84.2564,74.0019,57.78,,
2017-07-03,64.7525,84.1718,73.8567,57.54,,
2017-07-04,64.8168,83.9118,73.5995,57.49,,
2017-07-05,64.7209,83.6065,73.5035,57.15,,
2017-07-06,64.7779,83.8226,73.4322,57.25,,
2017-07-07,64.7342,83.8826,73.8811,56.94,,
2017-07-10,64.5405,83.2766,73.5826,56.53,,
2017-07-11,64.5025,83.0857,73.4361,56.38,,
2017-07-12,64.4969,82.6915,73.9715,56.85,,
2017-07-13,64.4384,83.248,73.7884,57.02,,
2017-07-14,64.4539,83.5451,73.5677,56.9,,
2017-07-17,64.3666,84.2173,73.6933,57.12,,
2017-07-18,64.3301,84.2917,74.1469,57.39,,
2017-07-19,64.3211,83.8554,74.2265,57.43,,
2017-07-20,64.4273,83.9166,74.188,57.45,,
2017-07-21,64.3185,83.5369,74.8796,57.53,,
2017-07-24,64.4494,83.8164,75.1287,58.01,,
2017-07-25,64.358,83.8778,75.0607,58.05,,
2017-07-26,64.4208,83.8308,74.9214,57.56,,
2017-07-27,64.1216,84.2109,75.2082,57.74,,
2017-07-28,64.1483,83.8867,74.9829,57.78,,
2017-07-31,64.0773,84.1591,75.2203,57.98,,
2017-08-01,64.0683,84.6214,75.7415,58.12,,
2017-08-02,64.069,84.6416,75.7488,57.86,,
2017-08-03,63.6314,84.1589,75.3905,57.53,,
2017-08-04,63.7091,83.7074,75.6609,57.85,,
2017-08-07,63.7375,83.1583,75.1019,57.55,,
2017-08-08,63.7382,83.1465,75.2876,57.63,,
2017-08-09,63.7491,82.9248,74.8606,57.94,,
2017-08-10,63.9437,83.0053,75.0635,58.15,,
2017-08-11,64.1693,83.2661,75.4567,58.76,,
2017-08-14,64.0253,83.2777,75.7035,58.43,,
2017-08-16,64.2428,82.6162,75.3761,58.01,,
2017-08-18,64.1048,82.6183,75.2078,58.63,,
2017-08-21,64.0285,82.3983,75.2143,58.68,,
2017-08-22,64.1099,82.5992,75.6497,58.69,,
2017-08-23,64.1272,82.2303,75.4072,58.58,,
2017-08-24,64.0676,81.9361,75.5805,58.67,,
2017-08-28,63.8701,82.3605,76.2162,58.53,,
2017-08-29,64.0174,82.8833,76.7505,58.81,,
2017-08-30,63.9431,82.6209,76.4504,58.16,,
2017-08-31,64.0154,82.6951,76.0439,57.91,,
2017-09-01,63.9804,82.6627,76.1047,58.1,,
2017-09-04,64.0468,82.9662,76.1516,58.51,,
2017-09-05,64.1164,82.8192,76.2921,58.63,,
2017-09-06,64.2146,83.6395,76.5438,59.04,,
2017-09-07,64.0276,83.4664,76.3593,58.7,,
2017-09-08,63.8664,83.8757,77.0357,59.28,,
2017-09-11,63.8859,84.2591,76.7334,58.86,,
2017-09-12,63.9474,84.3594,76.5514,58.41,,
2017-09-13,63.9818,85.1534,76.663,58.11,,
2017-09-14,64.0692,84.6867,76.1398,58.02,,
2017-09-15,64.0774,86.12,76.3995,57.92,,
2017-09-18,64.0371,87.0841,76.4923,57.57,,
2017-09-19,64.1769,86.8121,77.0187,57.45,,
2017-09-20,64.3637,87.0262,77.2493,57.76,,
2017-09-21,64.5256,87.1547,76.7403,57.3,,
2017-09-22,64.9596,88.3061,77.7566,57.99,,
2017-09-25,64.8357,87.9367,77.3036,57.75,,
2017-09-26,65.3371,88.0744,77.431,58.58,,
2017-09-27,65.6947,88.1426,77.3686,58.4,,
2017-09-28,65.7604,87.9808,77.1764,58.18,,
2017-09-29,65.3552,87.7067,77.0603,58.03,,
2017-10-03,65.5529,86.8707,76.7756,57.97,,
2017-10-04,65.2899,86.6266,76.8266,58.0,,
2017-10-05,65.1758,86.2145,76.5685,57.77,,
2017-10-06,65.2276,85.3112,76.2641,57.72,,
2017-10-09,65.3074,85.6311,76.599,57.99,,
2017-10-10,65.2652,85.9412,76.8302,57.95,,
2017-10-11,65.2691,86.1161,77.1677,58.08,,
2017-10-12,65.1003,86.2319,77.2741,57.98,,
2017-10-13,64.9301,86.3051,76.8772,58.01,,
2017-10-16,64.7603,86.0082,76.3912,57.93,,
2017-10-17,64.9226,86.0354,76.4204,57.87,,
2017-10-18,65.0649,85.7425,76.5423,57.93,,
2017-10-23,65.0239,85.8381,76.5136,57.17,,
2017-10-24,64.9256,85.7927,76.3395,57.18,,
2017-10-25,65.1386,85.4814,76.59,57.19,,
2017-10-26,64.7888,85.884,76.6063,57.06,,
2017-10-27,65.0931,85.3826,75.6837,57.0,,
2017-10-30,64.9338,85.375,75.4271,57.13,,
2017-10-31,64.7745,85.5995,75.4234,57.27,,
2017-11-01,64.5256,85.6706,75.0755,56.7,,
2017-11-02,64.593,85.786,75.2831,56.72,,
2017-11-03,64.5764,84.4272,75.3348,56.66,,
2017-11-06,64.7267,84.6366,75.1801,56.66,,
2017-11-07,64.8064,85.3371,75.2273,56.85,,
2017-11-08,65.0592,85.5724,75.3841,57.12,,
2017-11-09,64.8967,85.2548,75.3061,57.13,,
2017-11-10,65.0147,85.5463,75.7356,57.34,,
2017-11-13,65.4272,85.8209,76.2161,57.68,,
2017-11-14,65.5171,85.9388,76.4781,57.65,,
2017-11-15,65.3689,85.9143,77.0634,57.76,,
2017-11-16,65.2969,86.0483,76.9981,57.81,,
2017-11-17,64.8462,85.785,76.5574,57.59,,
2017-11-20,65.0565,85.9331,76.3633,58.08,,
2017-11-21,65.0386,86.1892,76.3878,57.82,,
2017-11-22,64.7453,85.8523,76.0757,57.75,,
2017-11-23,64.7949,86.3327,76.6264,58.22,,
2017-11-24,64.7328,86.0364,76.7213,58.07,,
2017-11-27,64.6948,86.1605,77.1421,58.1,,
2017-11-28,64.4206,85.8469,76.6992,57.94,,
2017-11-29,64.4058,86.1428,76.3209,57.75,,
2017-11-30,64.4332,86.798,76.4887,57.46,,
2017-12-04,64.3799,86.636,76.3739,57.04,,
2017-12-05,64.3764,86.6378,76.3762,57.15,,
2017-12-06,64.4467,86.4939,76.2791,57.42,,
2017-12-07,64.5388,86.3142,76.0848,57.33,,
2017-12-08,64.4649,87.0405,75.7978,56.84,,
2017-12-11,64.3616,86.3282,75.8051,56.68,,
2017-12-12,64.4834,86.0466,75.9292,56.84,,
2017-12-13,64.4525,85.941,75.7768,56.87,,
2017-12-14,64.2798,86.3535,75.998,57.06,,
2017-12-15,64.0958,86.1319,75.5241,57.13,,
2017-12-18,64.1065,85.5437,75.4277,56.9,,
2017-12-19,64.1205,85.7932,75.6365,56.98,,
2017-12-20,64.0577,85.7604,75.8251,56.7,,
2017-12-21,64.0883,85.6284,76.0344,56.5,,
2017-12-22,64.0409,85.6739,75.8821,56.51,,
2017-12-26,64.0538,85.672,76.0255,56.53,,
2017-12-27,64.1577,85.8366,76.2258,56.68,,
2017-12-28,64.1716,86.221,76.5631,56.89,,
2017-12-29,63.9273,86.0653,76.3867,56.72,,
2018-01-01,63.6697,85.8968,76.41,56.51,,
2018-01-02,63.6728,86.1111,76.5856,56.52,,
2018-01-03,63.4833,86.4071,76.5418,56.55,,
2018-01-04,63.3914,85.7432,76.2472,56.31,,
2018-01-05,63.3823,86.0225,76.5024,56.06,,
2018-01-08,63.3482,85.8875,76.1509,55.95,,
2018-01-09,63.469,86.1528,75.9153,56.33,,
2018-01-10,63.8264,86.2805,76.1385,56.81,,
2018-01-11,63.7364,86.0123,76.1395,57.03,,
2018-01-12,63.5263,86.0527,76.5301,57.09,,
2018-01-15,63.4125,87.1795,77.4457,57.23,,
2018-01-16,63.7602,87.9126,78.2019,57.5,,
2018-01-17,63.9797,88.1256,78.3495,57.74,,
2018-01-18,63.8431,88.2822,77.8822,57.41,,
2018-01-19,63.7183,88.6449,78.1441,57.49,,
2018-01-22,63.8895,88.5956,78.1241,57.64,,
2018-01-23,63.7722,89.2046,78.2166,57.57,,
2018-01-24,63.6439,89.3242,78.4538,57.92,,
2018-01-25,63.4983,90.9169,79.0681,58.36,,
2018-01-29,63.547,89.8237,78.8682,58.38,,
2018-01-30,63.7534,89.3886,78.7546,58.62,,
2018-01-31,63.6878,90.3539,79.2149,58.6,,
2018-02-01,63.6113,90.1754,78.948,58.09,,
2018-02-02,64.0781,91.3369,80.0335,58.36,,
2018-02-05,64.0295,90.4033,79.7295,58.22,,
2018-02-06,64.2723,89.7177,79.5241,59.05,,
2018-02-07,64.1377,89.4977,79.4345,58.71,,
2018-02-08,64.1616,89.191,78.7455,58.5,,
2018-02-09,64.3686,89.7105,78.8902,59.06,,
2018-02-12,64.2838,89.0202,78.9341,59.14,,
2018-02-14,64.1259,89.1735,79.3879,59.84,,
2018-02-15,63.9222,89.5486,79.679,60.05,,
2018-02-16,63.9097,90.3108,80.1683,60.46,,
2018-02-20,64.5254,90.1291,79.8566,60.35,,
2018-02-21,64.8161,90.6583,79.9442,60.17,,
2018-02-22,65.0458,90.4137,79.8307,60.55,,
2018-02-23,64.8227,90.4017,79.7643,60.59,,
2018-02-26,64.6639,90.6523,79.6983,60.69,,
2018-02-27,64.8514,90.5844,79.9683,60.71,,
2018-02-28,65.1031,90.4477,79.5885,60.8,,
2018-03-01,65.2261,89.7055,79.5041,61.07,,
2018-03-05,65.053,89.6951,80.0347,61.64,,
2018-03-06,64.9941,89.9063,80.2092,61.2,,
2018-03-07,64.9627,90.3371,80.7486,61.55,,
2018-03-08,64.9212,90.2275,80.5412,61.26,,
2018-03-09,65.0784,89.8537,80.1636,60.97,,
2018-03-12,65.0199,90.1241,80.0915,60.96,,
2018-03-13,64.9567,90.2314,80.0916,60.85,,
2018-03-14,64.9875,90.8265,80.5845,60.99,,
2018-03-15,64.9366,90.7229,80.3201,61.27,,
2018-03-16,64.8737,90.4858,79.9114,61.27,,
2018-03-19,65.0375,90.5582,79.775,61.5,,
2018-03-20,65.1993,91.4942,80.4625,61.33,,
2018-03-21,65.2162,91.3288,79.9616,61.28,,
2018-03-22,65.0622,92.063,80.3713,61.44,,
2018-03-23,65.1333,91.9552,80.3354,62.13,,
2018-03-26,64.9055,91.8672,80.2557,61.82,,
2018-03-27,64.7973,92.2584,80.7634,61.36,,
2018-03-28,65.0441,92.2846,80.6222,61.54,,
2018-04-03,65.024,91.4563,80.0901,61.31,,
2018-04-04,65.0232,91.4941,79.79,61.0,,
2018-04-05,65.0601,91.5005,79.7767,60.78,,
2018-04-06,64.9884,90.9578,79.5133,60.54,,
2018-04-09,64.9287,91.4975,79.687,60.66,,
2018-04-10,64.9368,91.7492,79.9047,60.58,,
2018-04-11,65.1272,92.5197,80.5884,60.84,,
2018-04-12,65.3496,92.7049,80.7982,61.15,,
2018-04-13,65.2226,92.7726,80.3412,60.64,,
2018-04-16,65.4476,93.2759,80.7362,61.02,,
2018-04-17,65.6124,94.2063,81.32,61.35,,
2018-04-18,65.6814,93.9835,81.3004,61.21,,
2018-04-19,65.7837,93.4194,81.3876,61.22,,
2018-04-20,66.0167,92.7271,81.458,61.4,,
2018-04-23,66.2177,92.8438,81.269,61.4,,
2018-04-24,66.3622,92.5089,81.0548,60.98,,
2018-04-25,66.6983,93.1375,81.4253,61.12,,
2018-04-26,66.8299,93.1676,81.3788,61.12,,
2018-04-27,66.7801,92.8911,80.7438,61.08,,
2018-05-02,66.6636,90.6625,80.0097,60.71,,
2018-05-03,66.6093,90.602,79.8579,60.79,,
2018-05-04,66.7681,90.5843,79.9682,61.17,,
2018-05-07,67.106,90.8481,80.1179,61.44,,
2018-05-08,67.0809,91.1361,80.0074,61.56,,
2018-05-09,67.3815,91.0863,79.746,61.49,,
2018-05-10,67.3786,91.3856,79.8908,61.34,,
2018-05-11,67.2203,90.8751,80.0863,61.43,,
2018-05-14,67.3153,91.2459,80.5091,61.54,,
2018-05-15,67.5288,91.488,80.5281,61.44,,
2018-05-16,67.8276,91.6826,80.2943,61.52,,
2018-05-17,67.7156,91.6463,79.8909,61.28,,
2018-05-18,67.9577,91.8788,80.2784,61.31,,
2018-05-21,68.0883,91.4085,79.9289,61.15,,
2018-05-22,68.0187,91.2471,80.0716,61.25,,
2018-05-23,68.2139,91.4271,80.24,61.74,,
2018-05-24,68.3872,91.4405,80.143,62.4,,
2018-05-25,68.26,91.2158,79.8847,62.38,,
2018-05-28,67.443,89.888,79.0027,61.57,,
2018-05-29,67.8201,90.1668,78.6984,62.27,,
2018-05-30,67.6288,89.7028,78.1992,62.21,,
2018-05-31,67.4526,89.7929,78.7914,62.04,,
2018-06-01,67.184,89.1397,78.4104,61.56,,
2018-06-04,67.0543,89.6181,78.3597,61.14,,
2018-06-05,67.1794,89.4292,78.5394,61.14,,
2018-06-06,67.0397,89.9472,78.6778,61.02,,
2018-06-07,67.0181,90.0455,79.1015,60.91,,
2018-06-08,67.5228,90.6021,79.5824,61.6,,
2018-06-11,67.3353,90.3707,79.523,61.24,,
2018-06-12,67.4571,90.062,79.3498,61.1,,
2018-06-13,67.6251,90.3336,79.3919,61.15,,
2018-06-14,67.6875,90.6809,79.9254,61.52,,
2018-06-15,67.9739,89.9974,78.605,61.34,,
2018-06-18,68.0248,90.2485,78.8543,61.55,,
2018-06-19,68.1511,90.3071,79.1575,62.19,,
2018-06-20,68.0838,89.5983,78.8274,61.82,,
2018-06-21,68.195,89.581,78.7925,61.61,,
2018-06-22,67.7695,89.9572,78.8566,61.61,,
2018-06-25,68.1466,90.2738,79.3499,62.27,,
2018-06-26,68.1676,90.472,79.7425,62.17,,
2018-06-27,68.5246,90.6032,79.8654,62.36,,
2018-06-28,68.9389,90.2134,79.6382,62.53,,
2018-06-29,68.5753,89.9296,79.8491,62.02,,
2018-07-02,68.6227,90.431,79.9592,62.0,,
2018-07-03,68.6935,90.3457,80.0211,61.91,,
2018-07-04,68.5312,90.5229,80.0239,62.09,,
2018-07-05,68.7545,91.0722,80.4771,62.17,,
2018-07-06,68.8757,91.1432,80.6328,62.25,,
2018-07-09,68.6573,91.4653,80.7822,62.16,,
2018-07-24,69.053,90.3015,80.5434,61.98,,
2022-04-12,76.1127,99.0115,82.6909,60.57,,
2022-04-13,76.2248,99.1466,82.584,60.52,,
2022-04-18,76.3737,99.4829,82.4622,60.31,,
2022-04-19,76.2797,99.1423,82.1675,59.48,,
2022-04-20,76.4183,99.5766,82.6224,59.39,,
2022-04-21,76.2091,99.5296,82.7824,59.48,,
2022-04-22,76.3279,99.3041,82.7735,59.65,,
2022-04-25,76.7366,97.8535,82.2673,59.8,,
2022-04-26,76.5612,97.538,82.0103,59.88,,
2022-04-27,76.6414,96.4767,81.4509,59.89,,
2022-04-28,76.6167,96.0191,80.6003,58.88,,
2022-04-29,76.4242,95.7086,80.5807,58.66,,
2022-05-02,76.4346,95.9529,80.4189,58.65,,
2022-05-04,76.4841,95.4318,80.4567,58.76,,
2022-05-05,76.0887,95.5649,80.7398,58.83,,
2022-05-06,76.747,94.7948,80.7118,58.75,,
2022-05-09,77.3679,95.0052,81.3106,59.03,,
2022-05-10,77.3537,95.5839,81.7464,59.32,,
2022-05-11,77.2641,95.3413,81.4688,59.31,,
2022-05-12,77.5868,94.6259,81.4537,59.93,,
2022-05-13,77.3543,94.4584,80.3629,60.09,,
2022-05-17,77.651,96.0444,81.2028,60.07,,
2022-05-18,77.5716,96.6284,81.6576,60.06,,
2022-05-19,77.6999,95.9376,81.4264,60.45,,
2022-05-20,77.5829,96.8338,82.137,60.69,,
2022-05-23,77.589,97.5268,82.2816,60.72,,
2022-05-24,77.6352,97.6366,82.8419,60.8,,
2022-05-25,77.5137,97.2709,82.9381,61.05,,
2022-05-26,77.6262,97.5001,82.8277,60.99,,
2022-05-27,77.6592,98.1069,83.4883,61.21,,
2022-05-30,77.5115,98.003,83.4132,60.97,,
2022-05-31,77.6641,97.8676,83.4107,60.73,,
2022-06-01,77.5554,97.6164,83.082,60.01,,
2022-06-02,77.5883,96.9445,82.7541,59.71,,
2022-06-03,77.5994,97.5787,83.4535,59.74,,
2022-06-06,77.6718,97.1115,83.2823,59.45,,
2022-06-07,77.7239,96.7321,82.9661,58.48,,
2022-06-08,77.7251,97.701,83.098,58.4,,
2022-06-09,77.787,97.3582,83.342,58.12,,
2022-06-10,77.84,97.2341,82.6879,58.14,,
2022-06-13,78.143,95.8163,81.9439,58.04,,
2022-06-14,78.0015,94.9866,81.368,57.92,,
2022-06-15,78.0755,93.9456,81.8096,57.96,,
2022-06-16,78.0864,94.7943,81.4275,58.14,,
2022-06-17,78.0875,95.8909,82.1038,58.23,,
2022-06-20,77.996,95.4406,82.1319,57.82,,
2022-06-21,78.0861,95.6784,82.1289,57.8,,
2022-06-22,78.2115,95.6657,82.0981,57.34,,
2022-06-23,78.2662,95.8453,82.6872,57.63,,
2022-06-24,78.3308,96.1286,82.5633,58.12,,
2022-06-27,78.289,96.0784,82.6706,57.95,,
2022-06-28,78.6966,96.5807,83.2694,58.08,,
2022-06-29,78.9376,96.2476,82.8408,58.08,,
2022-06-30,78.9421,95.9557,82.5803,57.96,,
2022-07-01,79.094,95.9563,82.7392,58.62,,
2022-07-04,78.9866,95.6238,82.3978,58.33,,
2022-07-05,79.079,95.8,82.5147,58.08,,
2022-07-06,79.332,94.6928,81.3766,58.61,,
2022-07-07,79.0235,94.4004,80.6846,58.17,,
2022-07-08,79.2499,95.1263,80.5834,58.4,,
2022-07-11,79.4098,95.0445,80.4988,57.98,,
2022-07-12,79.6401,94.4935,79.8259,57.99,,
2022-07-13,79.6592,94.889,79.9497,58.12,,
2022-07-14,79.871,94.6131,80.0078,57.61,,
2022-07-15,79.8797,94.4034,80.0134,57.53,,
2022-07-18,79.8958,95.0446,80.6607,57.8,,
2022-07-19,79.9478,95.7364,81.1939,57.97,,
2022-07-20,79.9738,96.0229,81.8415,57.88,,
2022-07-21,79.9763,95.9332,81.6889,57.84,,
2022-07-22,79.9101,95.5879,81.4572,57.96,,
2022-07-25,79.8488,95.5769,81.4458,58.54,,
2022-07-26,79.7948,96.2182,81.5636,58.37,,
2022-07-27,79.8967,96.2633,80.979,58.36,,
2022-07-28,79.7434,97.0642,81.5435,58.93,,
2022-07-29,79.4203,96.8986,81.1675,59.73,,
2022-08-01,79.169,96.4247,80.8991,59.72,,
2022-08-02,78.6082,96.1667,80.5881,60.04,,
2022-08-03,78.8427,95.9847,80.2198,59.17,,
2022-08-04,79.5427,96.6009,80.87,59.29,,
2022-08-05,79.1158,96.0677,80.9149,59.33,,
2022-08-08,79.5785,96.1032,81.0279,58.8,,
2022-08-10,79.5033,95.9695,81.1522,58.86,,
2022-08-11,79.4881,97.0322,81.8452,59.78,,
2022-08-17,79.4335,96.1839,80.768,59.05,,
2022-08-18,79.6667,95.744,80.9658,58.89,,
2022-08-19,79.7528,94.9819,80.4179,58.51,,
2022-08-22,79.8703,94.4259,80.1062,58.26,,
2022-08-23,79.8903,93.828,79.2517,58.16,,
2022-08-24,79.7927,94.2229,79.3352,58.36,,
2022-08-25,79.8705,94.6135,79.9962,58.44,,
2022-08-26,79.9097,94.3371,79.6236,58.37,,
2022-08-29,80.0906,93.4801,79.6085,57.71,,
2022-08-30,79.7194,93.3546,79.712,57.54,,
2022-09-01,79.397,92.0121,79.5494,56.96,,
2022-09-02,79.7888,92.072,79.5292,56.85,,
2022-09-05,79.8936,91.5671,79.0483,56.9,,
2022-09-06,79.8893,92.4569,79.549,56.59,,
2022-09-07,79.922,91.7291,79.07,55.46,,
2022-09-08,79.6712,91.7483,79.7551,55.49,,
2022-09-09,79.6358,92.3467,80.1832,55.72,,
2022-09-12,79.6776,92.5742,80.3671,55.56,,
2022-09-13,79.064,92.6809,80.2268,55.62,,
2022-09-14,79.5837,91.4024,79.3391,55.4,,
2022-09-15,79.583,91.6186,79.2726,55.41,,
2022-09-16,79.818,91.232,79.7164,55.6,,
2022-09-19,79.6657,90.8258,79.5244,55.59,,
2022-09-20,79.6778,91.1647,79.9498,55.58,,
2022-09-21,79.9226,90.823,79.4079,55.61,,
2022-09-22,80.7246,90.6387,79.2608,55.57,,
2022-09-23,80.9165,90.9156,79.5064,56.91,,
2022-09-26,81.575,86.6153,78.7095,56.71,,
2022-09-27,81.372,87.93,78.5837,56.39,,
2022-09-28,81.9005,87.4681,78.3444,56.6,,
2022-09-29,81.8633,88.2115,79.0952,56.59,,
2022-09-30,81.5522,90.7703,80.1093,56.44,,
2022-10-03,81.7417,91.8106,80.2409,56.41,,
2022-10-04,81.4267,92.4714,80.2677,56.22,,
2022-10-06,81.7044,92.5221,80.9603,56.53,,
2022-10-07,82.4,91.6942,80.546,56.82,,
2022-10-10,82.4028,91.3254,80.1554,56.7,,
2022-10-11,82.3901,90.8252,79.7855,56.51,,
2022-10-12,82.2411,90.4126,79.9718,56.25,,
2022-10-13,82.4013,91.2001,79.921,56.11,,
2022-10-14,82.3877,93.3277,80.6845,55.89,,
2022-10-17,82.4047,92.9976,80.2935,55.42,,
2022-10-18,82.2279,93.3627,81.0153,55.23,,
2022-10-19,82.3735,93.0974,81.0121,55.16,,
2022-10-20,83.2042,93.3618,81.4192,55.49,,
2022-10-21,82.8619,92.6606,80.9251,55.09,,
2022-10-25,82.7626,93.4075,81.6988,55.58,,
2022-10-27,82.3889,95.6228,82.9063,56.57,,
2022-10-28,82.4092,95.1129,82.1405,56.25,,
2022-10-31,82.3934,95.5351,81.9232,55.74,,
2022-11-01,82.7126,95.4382,82.1435,55.93,,
2022-11-02,82.765,95.2156,81.7856,56.16,,
2022-11-03,82.8835,94.4369,81.3645,56.16,,
2022-11-04,82.5287,92.5928,80.7191,55.78,,
2022-11-07,82.2112,93.1327,81.7579,55.84,,
2022-11-09,81.48,93.9817,81.9759,55.89,,
2022-11-10,81.7421,93.1827,82.0069,55.91,,
2022-11-11,80.6483,94.4929,82.4661,56.96,,
2022-11-14,81.2332,95.5059,83.7455,58.27,,
2022-11-15,81.428,95.8929,84.1309,58.02,,
2022-11-16,81.3354,96.5836,84.4115,58.17,,
2022-11-17,81.6335,97.1945,84.7726,58.53,,
2022-11-18,81.6975,97.2271,84.7078,58.42,,
2022-11-21,81.7732,96.7731,84.0819,58.18,,
2022-11-22,81.7742,96.8828,83.8611,57.66,,
2022-11-23,81.8165,97.2635,84.4924,57.88,,
2022-11-24,81.7655,98.842,85.3125,58.86,,
2022-11-25,81.5289,98.6576,84.8732,58.79,,
2022-11-28,81.7545,98.688,84.7881,59.13,,
2022-11-29,81.7121,98.0665,84.8248,58.96,,
2022-11-30,81.597,97.7543,84.4507,58.95,,
2022-12-01,81.1512,98.167,84.7467,59.49,,
2022-12-02,81.1771,99.3099,85.4643,60.07,,
2022-12-05,81.5855,100.584,86.2718,60.62,,
2022-12-06,82.28,100.2,86.2558,59.94,,
2022-12-07,82.5391,100.0088,86.282,59.93,,
2022-12-08,82.2844,100.4045,86.5171,60.17,,
2022-12-09,82.2092,100.8241,86.9313,60.41,,
2022-12-12,82.6425,101.0272,86.8854,60.31,,
2022-12-13,82.7154,101.6302,87.2835,60.13,,
2022-12-14,82.517,102.0295,87.7695,60.91,,
2022-12-15,82.4822,102.2306,87.9046,60.8,,
2022-12-16,82.8184,101.1903,88.2629,60.35,,
2022-12-19,82.6405,100.6473,87.767,60.76,,
2022-12-20,82.7902,100.4466,87.746,62.3,,
2022-12-21,82.7736,100.6693,87.8443,62.65,,
2022-12-22,82.6679,100.247,88.0226,62.72,,
2022-12-23,82.8685,99.7654,87.9025,62.46,,
2022-12-26,82.7373,99.897,87.9415,62.39,,
2022-12-27,82.7936,100.0958,88.2276,62.33,,
2022-12-28,82.9183,99.7679,88.2986,61.9,,
2022-12-29,82.8346,99.7213,88.004,62.0,,
2022-12-30,82.7862,99.7436,88.1496,62.45,,
2023-01-02,82.6287,99.7576,88.3753,63.11,,
2023-01-03,82.7817,99.9131,88.2508,63.78,,
2023-01-04,82.9052,99.3829,87.6546,63.41,,
2023-01-05,82.6973,99.6238,87.7992,62.49,,
2023-01-06,82.6348,98.4731,86.9235,61.63,,
2023-01-09,82.3662,100.0387,87.9528,62.47,,
2023-01-10,82.2108,100.0555,88.2829,62.35,,
2023-01-11,81.7029,99.439,87.8551,61.74,,
2023-01-12,81.7187,99.2425,87.9566,62.06,,
2023-01-13,81.4328,99.2764,88.2628,63.1,,
2023-01-16,81.3719,99.7272,88.346,63.76,,
2023-01-17,81.7727,99.7649,88.5626,63.52,,
2023-01-18,81.648,100.3361,88.0574,62.38,,
2023-01-19,81.3577,100.4062,87.8848,63.63,,
2023-01-20,81.2196,100.5352,87.9884,62.92,,
2023-01-23,81.2757,100.8978,88.5401,62.49,,
2023-01-24,81.602,101.0951,88.7841,62.71,,
2023-01-25,81.6263,100.6523,89.0135,62.59,,
2023-01-27,81.5445,100.9592,88.6584,62.77,,
2023-01-30,81.6552,101.1915,88.7331,63.04,,
2023-01-31,81.7387,100.8983,88.5982,62.77,,
2023-02-01,81.8494,100.839,88.9938,62.84,,
2023-02-02,81.9536,101.534,90.2555,63.68,,
2023-02-03,82.2296,100.4813,89.5985,63.94,,
2023-02-06,82.454,99.4901,89.0069,62.58,,
2023-02-07,82.6959,99.6706,88.8204,62.57,,
2023-02-08,82.6746,99.6152,88.7561,63.01,,
2023-02-09,82.6103,99.8918,88.7014,62.91,,
2023-02-10,82.5787,99.9615,88.5668,62.76,,
2023-02-13,82.7046,99.7241,88.3109,62.57,,
2023-02-14,82.7163,100.4303,88.8081,62.67,,
2023-02-15,82.8621,100.5869,88.7276,62.18,,
2023-02-16,82.6414,99.4936,88.4494,61.71,,
2023-02-17,82.8085,98.854,88.058,61.45,,
2023-02-20,82.6902,99.5739,88.4102,61.67,,
2023-02-21,82.7562,99.5579,88.3202,61.58,,
2023-02-22,82.8434,100.2803,88.2818,61.43,,
2023-02-23,82.7628,99.8517,87.9178,61.4,,
2023-02-24,82.7432,99.4937,87.7045,61.49,,
2023-02-27,82.9145,99.0121,87.4085,60.84,,
2023-02-28,82.6816,99.601,87.5471,60.68,,
2023-03-01,82.5467,99.4732,87.4995,60.55,,
2023-03-02,82.5555,98.9532,87.8302,60.4,,
2023-03-03,82.2643,98.5208,87.3241,60.27,,
2023-03-06,81.7448,98.3161,86.9688,60.18,,
2023-03-08,82.089,97.0642,86.4769,59.61,,
2023-03-09,81.9159,97.1086,86.4213,59.92,,
2023-03-10,82.0147,97.7927,86.8366,59.98,,
2023-03-13,81.9132,99.2215,87.8393,60.94,,
2023-03-14,82.3619,100.1845,88.1047,61.64,,
2023-03-15,82.4955,100.2485,88.5452,61.22,,
2023-03-16,82.6841,99.8063,87.6672,62.22,,
2023-03-17,82.4663,100.2477,87.809,62.03,,
2023-03-20,82.503,100.4672,88.0109,62.73,,
2023-03-21,82.6799,101.2812,88.5237,62.89,,
2023-03-23,82.159,101.2725,89.6262,62.87,,
2023-03-24,82.2378,100.9836,89.0624,63.13,,
2023-03-27,82.3558,100.6761,88.5786,62.76,,
2023-03-28,82.2068,101.2536,88.8968,62.85,,
2023-03-29,82.3603,101.4306,89.1709,62.45,,
2023-03-31,82.2169,101.8728,89.6076,61.8,,
2023-04-03,82.3867,101.2412,89.0496,61.62,,
2023-04-05,82.1892,102.6061,90.0109,62.49,,
2023-04-06,81.9753,102.0806,89.3411,62.42,,
2023-04-10,81.9105,101.6411,89.2966,61.8,,
2023-04-11,82.0881,101.9003,89.4016,61.56,,
2023-04-12,82.0712,102.0134,89.6398,61.35,,
2023-04-13,81.9755,102.3705,90.0561,61.49,,
2023-04-17,81.9456,101.7469,90.0402,61.16,,
2023-04-18,82.0734,101.7705,89.7702,61.07,,
2023-04-19,82.1202,101.9604,89.9391,60.98,,
2023-04-20,82.1635,102.2421,90.1191,61.06,,
2023-04-21,82.1542,102.1034,90.0618,61.39,,
2023-04-24,82.0495,101.9367,90.1133,61.12,,
2023-04-25,81.8994,102.2776,90.5223,61.05,,
2023-04-26,81.9155,101.8679,90.1125,61.25,,
2023-04-27,81.6526,101.8349,90.2621,61.03,,
2023-04-28,81.7829,102.0274,90.0871,60.36,,
2023-05-02,81.7625,102.1955,89.8494,59.42,,
2023-05-03,81.8552,102.229,90.211,60.17,,
2023-05-04,81.7353,102.7827,90.5355,60.9,,
2023-05-08,81.7606,103.4746,90.298,60.7,,
2023-05-09,82.0231,103.6083,90.1762,60.86,,
2023-05-10,82.024,103.5613,90.0088,60.59,,
2023-05-11,82.0431,103.4996,89.9449,61.12,,
2023-05-12,82.1606,102.9407,89.8163,60.98,,
2023-05-15,82.2841,102.605,89.4055,60.46,,
2023-05-16,82.2735,102.6291,89.4022,60.51,,
2023-05-17,82.3695,102.6533,89.4626,60.23,,
2023-05-18,82.4783,102.7757,89.3191,59.98,,
2023-05-19,82.6989,102.6266,89.1373,59.83,,
2023-05-22,82.7982,103.0363,89.5926,60.05,,
2023-05-23,82.7961,102.9073,89.4844,59.78,,
2023-05-24,82.7207,102.9873,89.2347,59.74,,
2023-05-25,82.7477,102.2342,88.8385,59.3,,
2023-05-26,82.7182,102.034,88.7892,59.2,,
2023-05-29,82.5497,102.0386,88.6551,58.83,,
2023-05-30,82.7332,102.0724,88.4583,58.81,,
2023-05-31,82.6773,102.3787,88.3572,59.3,,
2023-06-01,82.4562,102.5557,88.0687,59.02,,
2023-06-02,82.3175,103.2174,88.6642,59.27,,
2023-06-05,82.5768,102.5323,88.306,58.87,,
2023-06-06,82.6396,102.8279,88.6646,59.28,,
2023-06-07,82.5339,102.402,88.1049,59.24,,
2023-06-08,82.5795,102.8049,88.4674,59.04,,
2023-06-09,82.4251,103.5452,88.8455,59.13,,
2023-06-12,82.4553,103.6974,88.64,59.11,,
2023-06-13,82.3907,103.4574,88.9347,59.05,,
2023-06-14,82.3141,103.8025,88.7812,58.74,,
2023-06-15,82.1982,103.9555,88.8837,58.16,,
2023-06-16,81.8834,104.9008,89.7256,58.18,,
2023-06-19,81.9658,105.0414,89.6017,57.85,,
2023-06-20,82.1157,104.9756,89.7514,57.82,,
2023-06-21,82.0951,104.8305,89.5887,57.83,,
2023-06-22,81.9188,104.4514,89.9654,57.74,,
2023-06-23,82.051,104.3218,89.6615,57.27,,
2023-06-26,81.9729,104.3275,89.3843,57.15,,
2023-06-27,81.962,104.4098,89.5347,57.07,,
2023-06-28,82.0124,104.3619,89.7456,56.97,,
2023-06-30,82.0428,103.5074,89.1258,56.77,,
2023-07-03,81.863,103.7826,89.1483,56.56,,
2023-07-04,81.9689,104.0235,89.3537,56.7,,
2023-07-05,82.1616,104.3682,89.3787,56.78,,
2023-07-06,82.4572,104.8416,89.593,57.34,,
2023-07-07,82.6773,105.3816,90.0747,57.6,,
2023-07-10,82.6335,105.7885,90.4798,57.94,,
2023-07-11,82.3533,106.2758,90.7506,58.5,,
2023-07-12,82.2817,106.6662,90.7693,59.03,,
2023-07-13,82.1201,106.8295,91.5064,59.25,,
2023-07-14,82.1021,107.638,92.0994,59.51,,
2023-07-17,82.146,107.4431,92.2905,59.33,,
2023-07-18,82.0486,107.3606,92.2823,59.24,,
2023-07-19,82.1029,106.3479,92.1315,58.9,,
2023-07-20,82.0446,106.0388,91.9928,58.79,,
2023-07-21,82.0217,105.7555,91.4017,58.51,,
2023-07-24,81.9246,105.4462,91.1559,57.87,,
2023-07-25,81.8088,105.103,90.6572,57.84,,
2023-07-26,81.988,105.741,90.717,58.29,,
2023-07-27,81.9923,106.2112,90.9584,58.51,,
2023-07-28,82.2465,105.2761,90.316,58.95,,
2023-07-31,82.2481,105.7645,90.5787,58.06,,
2023-08-01,82.2833,105.5777,90.4595,57.69,,
2023-08-02,82.5347,105.3445,90.6468,57.8,,
2023-08-03,82.7171,105.0187,90.466,57.61,,
2023-08-04,82.7978,105.2984,90.6713,58.11,,
2023-08-07,82.7431,105.2581,90.8376,58.18,,
2023-08-08,82.7968,105.6885,91.0621,57.87,,
2023-08-09,82.8166,105.7491,90.8708,57.85,,
2023-08-10,82.8372,105.4413,91.0602,57.52,,
2023-08-11,82.7796,105.2349,91.0233,57.19,,
2023-08-14,82.9521,105.2059,90.6982,57.29,,
2023-08-17,83.1263,105.8807,90.4758,56.81,,
2023-08-18,83.0905,105.7465,90.4351,57.21,,
2023-08-21,83.1146,105.8221,90.422,57.15,,
2023-08-22,83.067,106.2477,90.6926,56.93,,
2023-08-23,82.9218,105.7281,90.0581,56.93,,
2023-08-24,82.5517,105.0245,89.7364,56.9,,
2023-08-25,82.6523,103.9303,89.1681,56.58,,
2023-08-28,82.6126,104.1514,89.3615,56.45,,
2023-08-29,82.6498,104.3029,89.3836,56.46,,
2023-08-30,82.7698,104.5763,90.0061,56.6,,
2023-08-31,82.6784,105.0931,90.2242,56.63,,
2023-09-01,82.6648,104.6448,89.6169,56.79,,
2023-09-04,82.7373,104.3577,89.2559,56.6,,
2023-09-05,82.944,104.4049,89.3169,56.44,,
2023-09-06,83.0902,104.4394,89.1785,56.45,,
2023-09-07,83.1829,103.9614,89.1821,56.4,,
2023-09-08,83.1589,103.9326,89.1486,56.5,,
2023-09-11,82.8809,103.7464,88.9511,56.73,,
2023-09-12,82.976,103.7891,89.0576,56.49,,
2023-09-13,82.9527,103.2982,89.1122,56.33,,
2023-09-14,82.976,103.6835,89.1516,56.39,,
2023-09-15,83.0557,103.2299,88.5662,56.28,,
2023-09-18,83.2102,103.1562,88.7559,56.37,,
2023-09-20,83.2553,102.8408,88.9966,56.28,,
2023-09-21,83.1511,102.4372,88.511,56.05,,
2023-09-22,82.9477,101.8692,88.347,55.99,,
2023-09-25,83.0968,101.6977,88.4543,56.01,,
2023-09-26,83.2328,101.3909,88.0581,55.81,,
2023-09-27,83.2188,101.1075,87.9201,55.81,,
2023-09-28,83.1591,100.9163,87.3442,55.66,,
2023-09-29,83.058,101.6713,87.9379,55.81,,
2023-10-03,83.1812,100.3919,87.068,55.5,,
2023-10-04,83.2588,100.4129,87.0782,55.78,,
2023-10-05,83.2413,101.066,87.4716,55.95,,
2023-10-06,83.2388,101.2905,87.6815,55.88,,
2023-10-09,83.2542,101.5918,87.796,55.81,,
2023-10-10,83.2556,101.7506,87.8957,55.95,,
2023-10-11,83.2368,102.2764,88.2538,55.89,,
2023-10-12,83.1834,102.5568,88.485,55.83,,
2023-10-13,83.2574,101.518,87.7616,55.6,,
2023-10-16,83.2632,101.3241,87.7061,55.69,,
2023-10-17,83.2555,101.3503,87.7169,55.64,,
2023-10-18,83.2571,101.6308,88.1715,55.64,,
2023-10-19,83.2746,101.0498,87.7592,55.6,,
2023-10-20,83.1982,100.656,87.9166,55.49,,
2023-10-23,83.1663,101.0798,87.9617,55.47,,
2023-10-25,83.1518,101.1475,88.121,55.49,,
2023-10-26,83.2439,100.5165,87.7041,55.22,,
2023-10-27,83.2518,100.9112,87.8984,55.42,,
2023-10-30,83.2676,100.9287,87.9506,55.66,,
2023-10-31,83.2692,101.1643,88.3236,55.42,,
2023-11-01,83.2843,101.1166,88.0393,55.06,,
2023-11-02,83.263,101.4038,88.2388,55.36,,
2023-11-03,83.2669,101.6273,88.5283,55.4,,
2023-11-06,83.2213,103.0513,89.358,55.65,,
2023-11-07,83.265,102.6408,89.1391,55.37,,
2023-11-08,83.2691,102.2211,88.9797,55.26,,
2023-11-09,83.2808,102.3099,89.1749,55.16,,
2023-11-10,83.353,101.9363,88.9138,55.06,,
2023-11-13,83.3248,101.9535,89.0648,54.9,,
2023-11-15,83.1272,103.8298,90.4008,55.18,,
2023-11-16,83.2388,103.1878,90.2225,55.0,,
2023-11-17,83.2646,103.3752,90.3648,55.28,,
2023-11-20,83.3309,103.9836,90.9829,55.87,,
2023-11-21,83.3466,104.4016,91.3062,56.4,,
2023-11-22,83.3375,104.3241,90.8451,55.95,,
2023-11-23,83.3571,104.2992,90.9532,55.94,,
2023-11-24,83.3675,104.5506,90.93,55.85,,
2023-11-28,83.3926,105.2959,91.3149,56.24,,
2023-11-29,83.3191,105.9213,91.6443,56.59,,
2023-11-30,83.35,105.8684,91.4816,56.68,,
2023-12-01,83.3602,105.369,90.9404,56.27,,
2023-12-04,83.3357,105.7047,90.6276,56.81,,
2023-12-05,83.3931,105.3616,90.3881,56.78,,
2023-12-06,83.3544,105.0654,89.9505,56.63,,
2023-12-07,83.365,104.6748,89.7352,56.99,,
2023-12-08,83.3681,104.916,89.8992,57.88,,
2023-12-11,83.3872,104.5965,89.7969,57.3,,
2023-12-12,83.38,104.8687,89.803,57.34,,
2023-12-13,83.395,104.6579,89.9276,57.2,,
2023-12-14,83.35,105.3522,90.8593,58.82,,
2023-12-15,83.1802,106.1202,91.3696,58.6,,
2023-12-18,83.0173,105.3512,90.6311,58.36,,
2023-12-19,83.179,105.2636,90.8664,57.95,,
2023-12-20,83.1523,105.7514,91.146,57.86,,
2023-12-21,83.2729,105.2281,91.1572,58.21,,
2023-12-22,83.2493,105.6223,91.5559,58.49,,
2023-12-26,83.1703,105.669,91.6836,58.45,,
2023-12-27,83.3226,106.0891,92.0154,58.41,,
2023-12-28,83.2254,106.609,92.4523,58.94,,
2023-12-29,83.1164,106.1053,92.0049,58.82,,
2024-01-01,83.1975,105.9476,91.8401,58.99,,
2024-01-02,83.3282,106.1012,91.9232,58.9,,
2024-01-03,83.3242,105.2774,91.2811,58.65,,
2024-01-04,83.3002,105.5552,90.9944,57.99,,
2024-01-05,83.176,105.3574,90.8803,57.26,,
2024-01-08,83.0687,105.5842,90.8932,57.59,,
2024-01-09,83.1289,105.919,91.0544,57.75,,
2024-01-10,83.1548,105.5767,90.8965,57.4,,
2024-01-11,82.9415,105.9285,91.1135,57.02,,
2024-01-12,82.9881,106.0051,91.0922,57.18,,
2024-01-15,82.853,105.6641,90.84,57.03,,
2024-01-16,82.9774,105.2369,90.6108,56.79,,
2024-01-17,83.131,104.7379,90.2531,56.23,,
2024-01-18,83.1243,105.539,90.6376,56.23,,
2024-01-19,83.1338,105.5622,90.4457,55.9,,
2024-01-23,83.1029,105.8399,90.6027,56.11,,
2024-01-24,83.1457,105.615,90.33,56.21,,
2024-01-25,83.1155,105.6542,90.4175,56.23,,
2024-01-29,83.1494,105.6624,90.1655,56.2,,
2024-01-30,83.119,105.6138,89.9625,56.42,,
2024-01-31,83.0805,105.3084,89.8826,56.2,,
2024-02-01,82.9553,105.0977,89.6105,56.47,,
2024-02-02,82.8406,105.6334,90.1322,56.58,,
2024-02-05,83.0284,104.7315,89.5245,55.98,,
2024-02-06,83.0629,104.2545,89.3009,55.96,,
2024-02-07,82.9765,104.5769,89.2943,56.05,,
2024-02-08,82.9762,104.7862,89.4694,55.81,,
2024-02-09,82.9995,104.7144,89.4037,55.55,,
2024-02-12,82.9954,104.8298,89.572,55.63,,
2024-02-13,83.019,104.7473,89.3893,55.53,,
2024-02-14,83.0864,104.7659,89.0553,55.22,,
2024-02-15,83.0119,104.3249,89.064,55.27,,
2024-02-16,83.0375,104.48,89.35,55.26,,
2024-02-20,82.9704,104.4216,89.358,55.17,,
2024-02-21,82.8851,104.6784,89.6115,55.25,,
2024-02-22,82.924,104.8828,89.8692,55.2,,
2024-02-23,82.8865,104.9531,89.7114,55.03,,
2024-02-26,82.8856,104.9951,89.7192,55.1,,
2024-02-27,82.8915,105.102,89.9395,55.07,,
2024-02-28,82.9155,104.9826,89.7842,55.05,,
2024-02-29,82.9246,105.0317,89.8621,55.36,,
2024-03-01,82.8702,104.6474,89.5766,55.11,,
2024-03-04,82.8954,104.9815,89.9028,55.13,,
2024-03-05,82.9271,105.1355,89.9687,55.09,,
2024-03-06,82.9078,105.3349,90.0113,55.31,,
2024-03-07,82.7785,105.4085,90.233,55.7,,
2024-03-11,82.677,106.2383,90.4442,56.25,,
2024-03-12,82.745,106.0581,90.5054,56.14,,
2024-03-13,82.9027,106.0618,90.5933,56.19,,
2024-03-14,82.8709,106.0228,90.6624,56.03,,
2024-03-15,82.8919,105.5877,90.1676,55.9,,
2024-03-18,82.9078,105.5847,90.2755,55.59,,
2024-03-19,82.9401,105.4135,90.1321,55.17,,
2024-03-20,83.1022,105.6988,90.3077,54.83,,
2024-03-21,83.1308,106.3614,90.9118,55.06,,
2024-03-22,83.3546,105.2485,90.2625,55.05,,
2024-03-26,83.3559,105.4535,90.4334,55.08,,
2024-03-27,83.3255,105.1329,90.2243,54.92,,
2024-03-28,83.3739,105.2935,90.2178,55.09,,
2024-04-02,83.3585,104.5805,89.447,54.94,,
2024-04-03,83.4204,104.8733,89.8499,55.01,,
2024-04-04,83.4475,105.6011,90.4927,55.02,,
2024-04-05,83.4073,105.2367,90.3068,55.15,,
2024-04-08,83.3176,105.2324,90.2535,54.88,,
2024-04-10,83.2253,105.5186,90.2945,54.83,,
2024-04-12,83.3931,104.4243,89.1261,54.42,,
2024-04-15,83.4422,104.0697,88.9071,54.25,,
2024-04-16,83.4982,103.6719,88.5593,54.04,,
2024-04-18,83.517,104.2476,89.2736,54.18,,
2024-04-19,83.5214,103.7959,88.8874,54.09,,
2024-04-22,83.4113,103.2977,88.9698,53.9,,
2024-04-23,83.3765,102.8772,88.7387,53.87,,
2024-04-24,83.2987,103.688,89.1124,53.77,,
2024-04-25,83.3758,104.182,89.4072,53.57,,
2024-04-26,83.3395,104.256,89.4288,53.43,,
2024-04-29,83.4392,104.556,89.4607,53.13,,
2024-04-30,83.5187,104.6411,89.3405,53.25,,
2024-05-02,83.4526,104.585,89.4818,53.73,,
2024-05-03,83.3795,104.6174,89.5007,54.45,,
2024-05-06,83.4725,104.7836,89.8309,54.28,,
2024-05-07,83.5015,104.7198,89.8287,54.06,,
2024-05-08,83.5147,104.3177,89.7549,53.81,,
2024-05-09,83.4976,104.2089,89.6675,53.6,,
2024-05-10,83.4946,104.6928,90.0133,53.66,,
2024-05-13,83.5234,104.6431,89.9792,53.6,,
2024-05-14,83.5201,104.8767,90.0825,53.37,,
2024-05-15,83.5092,105.1587,90.3926,53.41,,
2024-05-16,83.5011,105.861,90.8342,54.15,,
2024-05-17,83.4815,105.7226,90.6832,53.63,,
2024-05-21,83.3614,106.0007,90.5505,53.35,,
2024-05-22,83.2301,106.1062,90.3879,53.21,,
2024-05-24,83.1219,105.5039,89.893,52.92,,
2024-05-27,83.0838,105.8277,90.1132,52.98,,
2024-05-28,83.1644,106.2253,90.4468,53.02,,
2024-05-29,83.327,106.3203,90.4226,53.04,,
2024-05-30,83.4231,105.8673,90.0508,53.18,,
2024-05-31,83.2988,105.9283,90.121,53.08,,
2024-06-03,83.0659,105.7977,90.1542,52.81,,
2024-06-04,83.5021,106.8621,91.0195,53.52,,
2024-06-05,83.3898,106.456,90.6747,53.53,,
2024-06-06,83.4649,106.7794,90.807,53.47,,
2024-06-07,83.4257,106.6631,90.8439,53.72,,
2024-06-10,83.4919,106.1366,89.7788,53.14,,
2024-06-11,83.5054,106.2645,89.9325,53.09,,
2024-06-12,83.5645,106.513,89.7901,53.15,,
2024-06-13,83.5469,106.7724,90.2741,53.17,,
2024-06-14,83.5458,106.3694,89.5505,52.89,,
2024-06-18,83.4817,105.9644,89.5358,52.88,,
2024-06-19,83.4251,106.1573,89.5496,52.87,,
2024-06-20,83.5265,106.121,89.6423,52.81,,
2024-06-21,83.586,105.8087,89.5362,52.58,,
2024-06-24,83.5138,105.6522,89.401,52.28,,
2024-06-25,83.4275,105.8673,89.57,52.33,,
2024-06-26,83.5409,105.961,89.406,52.27,,
2024-06-27,83.4896,105.5103,89.2882,52.05,,
2024-06-28,83.4534,105.464,89.249,51.86,,
2024-07-01,83.4043,105.8034,89.8464,51.81,,
2024-07-02,83.515,105.5457,89.6411,51.65,,
2024-07-03,83.5337,105.9625,89.7219,51.62,,
2024-07-04,83.5016,106.4545,90.1094,51.73,,
2024-07-05,83.5,106.6501,90.3709,51.97,,
2024-07-08,83.4755,106.8998,90.3005,51.97,,
2024-07-09,83.4843,106.9222,90.3929,51.9,,
2024-07-10,83.4923,106.8011,90.3264,51.72,,
2024-07-11,83.5342,107.4422,90.5277,51.65,,
2024-07-12,83.5385,107.827,90.7685,52.49,,
2024-07-15,83.5658,108.3603,90.9931,52.85,,
2024-07-16,83.5781,108.2777,90.9764,52.71,,
2024-07-18,83.6393,108.7428,91.4384,53.53,,
2024-07-19,83.6405,108.1667,91.0655,53.01,,
2024-07-22,83.6654,108.0327,91.0581,53.41,,
2024-07-23,83.6625,108.0741,91.0516,53.45,,
2024-07-24,83.7028,107.8477,90.7746,54.14,,
2024-07-25,83.7075,107.842,90.7038,54.82,,
2024-07-26,83.7272,107.6776,90.8596,54.48,,
2024-07-29,83.7371,107.7423,90.9162,54.59,,
2024-07-30,83.7328,107.5911,90.6056,54.06,,
2024-07-31,83.744,107.5463,90.6222,54.78,,
2024-08-01,83.7251,107.4601,90.6107,55.87,,
2024-08-02,83.7375,106.6486,90.4666,56.15,,
2024-08-05,83.839,106.7114,91.4387,58.82,,
2024-08-06,83.9078,107.0977,91.8304,57.52,,
2024-08-07,83.9519,106.6592,91.6212,57.24,,
2024-08-08,83.9584,106.6719,91.832,57.4,,
2024-08-09,83.9,107.1218,91.6697,57.02,,
2024-08-12,83.9691,107.2655,91.6915,57.02,,
2024-08-13,83.9696,107.5309,91.8224,56.8,,
2024-08-14,83.9366,107.6879,92.2726,57.04,,
2024-08-16,83.9561,108.1478,92.2185,56.37,,
2024-08-19,83.9201,108.7985,92.6909,57.7,,
2024-08-20,83.7804,108.8821,92.8225,56.97,,
2024-08-21,83.9183,109.2566,93.2892,57.51,,
2024-08-22,83.9569,109.9298,93.5884,57.79,,
2024-08-23,83.8746,110.0698,93.3362,57.68,,
2024-08-26,83.8504,110.6669,93.7693,58.25,,
2024-08-27,83.9424,110.8163,93.7513,58.0,,
2024-08-28,83.9671,111.0504,93.592,58.11,,
2024-08-29,83.8899,110.9114,93.3896,58.03,,
2024-08-30,83.8709,110.4966,92.9083,57.86,,
2024-09-02,83.8759,110.1906,92.7679,57.35,,
2024-09-03,83.9525,110.0869,92.8067,57.44,,
2024-09-04,83.9682,110.0739,92.7921,57.82,,
2024-09-05,83.9825,110.4157,93.0974,58.66,,
2024-09-06,83.9308,110.6275,93.3092,58.95,,
2024-09-09,83.9425,110.085,92.9036,58.74,,
2024-09-10,83.975,109.8964,92.7095,58.6,,
2024-09-11,83.9508,109.8474,92.7058,59.38,,
2024-09-12,83.9843,109.6141,92.549,58.88,,
2024-09-13,83.918,110.2235,92.9537,59.49,,
2024-09-16,83.8939,110.4061,93.1502,59.88,,
2024-09-17,83.8302,110.7576,93.2991,59.63,,
2024-09-19,83.6172,110.7766,93.144,58.72,,
2024-09-20,83.4922,111.2344,93.2853,58.83,,
2024-09-23,83.5128,111.2056,93.2064,57.94,,
2024-09-24,83.6319,111.5348,92.8855,57.96,,
2024-09-25,83.5471,111.981,93.487,58.24,,
2024-09-26,83.7009,111.6983,93.3215,57.84,,
2024-09-27,83.6688,112.0498,93.4608,58.23,,
2024-09-30,83.7888,112.1597,93.534,59.11,,
2024-10-01,83.8149,112.0588,93.3145,58.04,,
2024-10-03,83.9492,110.5969,92.6077,57.24,,
2024-10-04,83.966,110.291,92.6218,57.48,,
2024-10-07,83.9719,110.1532,92.0987,56.56,,
2024-10-08,83.9399,109.865,92.2057,56.74,,
2024-10-09,83.962,109.8576,92.0627,56.55,,
2024-10-10,83.9685,109.7905,91.8666,56.29,,
2024-10-11,84.0586,109.6914,91.9343,56.48,,
2024-10-14,84.0725,109.8771,91.8812,56.34,,
2024-10-15,84.0736,109.7256,91.592,56.28,,
2024-10-16,84.0696,109.2843,91.4621,56.33,,
2024-10-17,84.0304,109.1146,91.2072,56.17,,
2024-10-18,84.071,109.8018,91.1716,56.06,,
2024-10-21,84.0744,109.6112,91.2695,56.25,,
2024-10-22,84.0718,109.3797,91.0038,55.78,,
2024-10-23,84.075,109.2017,90.8118,55.24,,
2024-10-24,84.0738,108.7282,90.7011,55.24,,
2024-10-25,84.0771,108.9835,90.9557,55.34,,
2024-10-28,84.0775,108.9235,90.746,54.83,,
2024-10-29,84.0783,109.0042,90.8791,54.95,,
2024-10-30,84.0847,109.3779,90.9903,54.83,,
2024-10-31,84.0886,108.9508,91.2505,55.03,,
2024-11-04,84.1055,109.2828,91.6565,55.36,,
2024-11-05,84.1225,109.0295,91.5139,55.22,,
2024-11-06,84.2366,108.2822,90.2472,54.61,,
2024-11-07,84.3562,109.0939,90.6565,54.76,,
2024-11-08,84.3751,109.3974,90.9243,55.19,,
2024-11-11,84.3848,108.9813,90.4256,54.98,,
2024-11-12,84.4011,108.2613,89.7707,54.91,,
2024-11-13,84.4063,107.5342,89.5658,54.44,,
2024-11-14,84.405,107.1291,89.063,54.15,,
2024-11-18,84.3875,106.6242,88.9686,54.65,,
2024-11-19,84.4036,106.9996,89.4217,54.64,,
2024-11-21,84.4561,106.8415,89.077,54.55,,
2024-11-22,84.4975,106.2139,88.4458,54.57,,
2024-11-25,84.2776,106.1948,88.3656,54.61,,
2024-11-26,84.2835,105.7882,88.3184,54.79,,
2024-11-27,84.4708,106.2327,88.5338,55.49,,
2024-11-28,84.4917,106.9693,89.1168,55.74,,
2024-11-29,84.4971,107.4612,89.3568,56.31,,
2024-12-02,84.6812,107.4548,89.1275,56.24,,
2024-12-03,84.745,107.2047,88.9054,56.47,,
2024-12-04,84.6885,107.5143,89.1098,56.47,,
2024-12-05,84.7335,107.7567,89.2001,56.58,,
2024-12-06,84.6578,107.9127,89.5324,56.5,,
2024-12-09,84.7305,107.8405,89.3189,56.44,,
2024-12-10,84.8531,108.2793,89.6552,56.14,,
2024-12-11,84.8427,108.3221,89.2947,55.91,,
2024-12-12,84.8732,108.3712,89.1961,55.64,,
2024-12-13,84.8411,107.389,88.7398,55.49,,
2024-12-16,84.8259,107.1594,89.1769,55.18,,
2024-12-17,84.9264,107.6006,89.1659,55.11,,
2024-12-18,84.937,107.9408,89.2592,55.38,,
2024-12-19,85.0739,107.1477,88.3595,54.83,,
2024-12-20,85.088,106.2908,88.1705,54.23,,
2024-12-23,85.0713,106.9295,88.781,54.32,,
2024-12-24,85.1932,106.7851,88.5646,54.25,,
2024-12-26,85.2684,106.9647,88.6712,54.18,,
2024-12-27,85.5914,107.2055,89.1109,54.26,,
2024-12-30,85.4655,107.5686,89.136,54.1,,
2024-12-31,85.6232,107.4645,89.0852,54.82,,
2025-01-01,85.709,107.2631,88.7597,54.51,,
2025-01-02,85.7853,107.4993,88.8924,54.71,,
2025-01-03,85.7598,106.341,88.1056,54.53,,
2025-01-06,85.8279,106.8105,88.52,54.43,,
2025-01-07,85.7191,107.4906,89.1382,54.32,,
2025-01-08,85.8443,107.2052,88.8946,54.31,,
2025-01-09,85.8806,105.7597,88.4731,54.3,,
2025-01-10,85.8956,105.4741,88.3488,54.23,,
2025-01-13,86.4368,105.0472,88.3563,54.88,,
2025-01-14,86.5497,105.6512,88.695,54.9,,
2025-01-15,86.5008,105.5621,89.0733,54.95,,
2025-01-16,86.4854,105.6609,88.9687,55.37,,
2025-01-17,86.5844,105.7138,89.0798,55.63,,
2025-01-20,86.5481,105.6937,89.2051,55.42,,
2025-01-21,86.5139,106.1866,89.7755,55.65,,
2025-01-22,86.5661,106.7031,90.0807,55.52,,
2025-01-23,86.4593,106.4798,89.9897,55.23,,
2025-01-24,86.2904,107.0887,90.2149,55.59,,
2025-01-27,86.4175,107.6439,90.4031,55.33,,
2025-01-28,86.5358,107.6782,90.3347,55.57,,
2025-01-29,86.5768,107.8493,90.3896,55.76,,
2025-01-30,86.5842,107.6848,90.1821,55.99,,
2025-01-31,86.6414,107.6202,90.0094,55.96,,
2025-02-03,87.1162,107.049,89.2674,56.05,,
2025-02-04,87.1206,108.0081,89.7011,56.11,,
2025-02-05,87.2237,108.8662,90.6022,56.94,,
2025-02-06,87.5617,109.3605,90.9836,57.43,,
2025-02-07,87.4782,108.6858,90.761,57.68,,
2025-02-10,87.5858,108.67,90.3564,57.69,,
2025-02-11,86.8861,107.4086,89.5442,57.2,,
2025-02-12,86.8461,108.0707,89.961,56.52,,
2025-02-13,86.8822,108.5622,90.6732,56.4,,
2025-02-14,86.8862,109.1221,90.8581,56.93,,
2025-02-17,86.7721,109.2594,91.0262,57.21,,
2025-02-18,86.9742,109.5753,90.957,57.22,,
2025-02-20,86.6995,109.2321,90.4467,57.74,,
2025-02-21,86.6466,109.7044,90.9108,57.58,,
2025-02-24,86.6916,109.8238,91.1117,58.01,,
2025-02-25,87.0022,109.925,91.1568,58.09,,
2025-02-27,87.2119,110.4138,91.3126,58.39,,
2025-02-28,87.4006,109.9762,90.7807,58.3,,
2025-03-03,87.3314,110.069,90.9498,58.1,,
2025-03-04,87.3786,110.9056,91.5885,58.52,,
2025-03-05,87.0896,111.4503,92.6314,58.19,,
2025-03-06,87.0859,112.3321,94.0888,58.5,,
2025-03-07,87.0612,112.2201,94.1979,59.02,,
2025-03-10,87.2392,112.6654,94.5528,59.06,,
2025-03-11,87.3267,112.6282,94.8973,59.3,,
2025-03-12,87.2605,112.8127,95.1355,58.92,,
2025-03-13,87.0833,112.8141,94.7472,58.98,,
2025-03-17,86.792,112.2423,94.4187,58.29,,
2025-03-18,86.6705,112.4475,94.5523,57.87,,
2025-03-19,86.5016,112.2779,94.4943,57.72,,
2025-03-20,86.304,112.1267,94.0236,58.22,,
2025-03-21,86.2184,111.4557,93.3452,57.66,,
2025-03-24,85.8318,111.0166,93.0171,57.35,,
2025-03-25,85.7302,110.7526,92.5875,56.95,,
2025-03-26,85.8683,111.0706,92.6118,57.04,,
2025-03-27,85.761,110.8592,92.4452,57.01,,
2025-03-28,85.5814,110.7389,92.3246,56.75,,
2025-04-02,85.6024,110.5584,92.3901,57.09,,
2025-04-03,85.6468,112.1362,93.7438,58.16,,
2025-04-04,85.2281,111.5295,94.3401,58.41,,
2025-04-07,85.8087,110.6812,94.4605,59.07,,
2025-04-08,85.9085,109.8672,94.2972,58.25,,
2025-04-09,86.6171,111.1372,95.8054,59.68,,
2025-04-11,86.1441,112.0057,97.1097,59.82,,
2025-04-15,85.6905,113.1012,97.2073,59.89,,
2025-04-16,85.6464,113.6625,97.3668,60.18,,
2025-04-17,85.5703,113.1975,97.2552,59.96,,
2025-04-21,85.1622,113.9465,98.0268,60.48,,
2025-04-22,85.1003,114.0486,97.9788,60.66,,
2025-04-23,85.4372,113.6884,97.2976,60.2,,
2025-04-24,85.5085,113.5313,97.0516,59.9,,
2025-04-25,85.5788,113.8244,97.1245,59.61,,
2025-04-28,85.198,113.4303,96.8605,59.32,,
2025-04-29,85.2005,114.2874,97.0792,59.83,,
2025-04-30,85.0535,113.877,96.737,59.62,,
2025-05-02,83.8568,111.6134,94.9483,57.74,,
2025-05-05,84.2369,111.9267,95.4028,58.36,,
2025-05-06,84.5436,112.3596,95.6926,58.77,,
2025-05-07,84.5715,112.9678,96.1319,59.13,,
2025-05-08,84.8642,112.7574,95.7568,58.8,,
2025-05-09,85.6438,113.3998,96.2882,58.92,,
2025-05-13,84.8888,112.0283,94.2962,57.4,,
2025-05-14,85.2982,113.4199,95.4117,57.98,,
2025-05-15,85.5871,113.8092,95.9939,58.76,,
2025-05-16,85.5665,114.0299,95.9554,58.9,,
2025-05-19,85.491,113.772,95.6832,58.89,,
2025-05-20,85.4582,114.2656,96.198,59.15,,
2025-05-21,85.5546,115.1371,97.0343,59.6,,
2025-05-22,85.6653,115.004,97.1205,59.82,,
2025-05-23,85.6821,115.2213,96.9367,59.71,,
2025-05-26,84.9004,115.3683,96.9093,59.52,,
2025-05-27,85.322,115.741,97.1306,59.59,,
2025-05-28,85.6873,115.4733,96.9072,59.37,,
2025-05-29,85.4976,114.9407,96.2595,58.62,,
2025-05-30,85.4778,115.142,96.9375,59.36,,
2025-06-02,85.4353,115.5957,97.4156,59.66,,
2025-06-03,85.4576,115.5586,97.5994,59.74,,
2025-06-04,85.9579,116.1354,97.7066,59.66,,
2025-06-05,85.773,116.2653,97.8916,59.93,,
2025-06-06,85.7883,116.2472,98.1132,59.55,,
2025-06-09,85.4984,115.9301,97.6625,59.24,,
2025-06-10,85.5949,115.6153,97.613,59.24,,
2025-06-11,85.4542,115.2264,97.5642,58.89,,
2025-06-12,85.5353,116.0092,98.5475,59.52,,
2025-06-13,86.0979,116.5593,99.3151,59.99,,
2025-06-16,86.0242,116.7526,99.3958,59.67,,
2025-06-17,86.0978,116.8537,99.5916,59.47,,
2025-06-18,86.303,116.1759,99.3394,59.53,,
2025-06-19,86.6994,116.1581,99.339,59.69,,
2025-06-20,86.6133,116.6774,99.756,59.58,,
2025-06-23,86.808,116.6451,99.8969,58.96,,
2025-06-24,86.1043,117.002,100.0308,59.33,,
2025-06-25,85.8732,117.0102,99.7646,59.16,,
2025-06-26,85.7528,117.5076,100.1353,59.33,,
2025-06-27,85.5594,117.5529,100.1992,59.3,,
2025-06-30,85.5439,117.4683,100.4451,59.43,,
2025-07-01,85.6179,117.6476,100.8476,59.58,,
2025-07-02,85.6928,117.731,101.041,59.61,,
2025-07-03,85.5121,116.659,100.8866,59.44,,
2025-07-04,85.3886,116.7769,100.5974,59.18,,
2025-07-07,85.815,116.7622,100.8629,59.15,,
2025-07-08,85.7188,116.817,100.6064,58.65,,
2025-07-09,85.7979,116.5765,100.5277,58.38,,
2025-07-10,85.578,116.5025,100.4709,58.52,,
2025-07-11,85.8536,116.2853,100.285,58.45,,
2025-07-14,85.991,115.7009,100.2752,58.38,,
2025-07-15,85.8262,115.3458,100.2662,58.11,,
2025-07-16,85.8051,115.0521,99.7307,57.7,,
2025-07-17,85.9149,114.9891,99.5588,57.77,,
2025-07-18,86.2007,115.7302,100.1566,57.93,,
2025-07-21,86.2248,115.8148,100.3249,58.26,,
2025-07-22,86.2581,116.1977,100.8162,58.36,,
2025-07-23,86.3676,116.8392,101.3576,58.77,,
2025-07-24,86.3301,117.1275,101.5582,59.02,,
2025-07-25,86.5247,116.7939,101.734,58.87,,
2025-07-28,86.551,116.0718,101.4083,58.42,,
2025-07-29,86.8417,115.7843,100.3624,58.52,,
2025-07-30,87.2713,116.5305,100.7978,58.95,,
2025-07-31,87.5544,116.2366,100.2486,58.85,,
2025-08-01,87.3519,115.3394,99.8828,58.04,,
2025-08-04,87.5018,116.2415,101.2734,59.29,,
2025-08-05,87.7917,116.6202,101.4246,59.68,,
2025-08-06,87.7,116.6948,101.6022,59.47,,
2025-08-07,87.6945,117.2668,102.3763,59.59,,
2025-08-08,87.6196,117.6649,102.0488,59.48,,
2025-08-11,87.5776,117.9612,102.1715,59.35,,
2025-08-12,87.6726,117.7928,101.8066,59.13,,
2025-08-13,87.6956,118.4849,102.4822,59.33,,
2025-08-14,87.4852,118.8195,102.3775,59.81,,
2025-08-18,87.4137,118.4106,102.2653,59.29,,
2025-08-19,87.1756,117.6801,101.6177,59.04,,
2025-08-20,87.0919,117.5305,101.339,59.11,,
2025-08-21,86.9741,116.9616,101.1967,58.97,,
2025-08-22,87.4375,117.1313,101.3389,58.84,,
2025-08-25,87.4174,118.2233,102.4334,59.39,,
2025-08-26,87.7414,118.1081,102.0351,59.42,,
2025-08-28,87.6559,118.3822,102.0087,59.53,,
2025-08-29,87.8514,118.576,102.4728,59.76,,
2025-09-01,88.2576,119.3784,103.4579,60.08,,
2025-09-02,88.0265,119.0822,103.0162,59.48,,
2025-09-03,88.107,117.7826,102.4814,59.28,,
2025-09-04,88.1641,118.4344,102.7541,59.49,,
2025-09-05,88.3242,118.9185,103.0849,59.59,,
2025-09-09,88.1409,119.6425,103.7683,59.96,,
2025-09-10,88.1252,119.2481,103.1952,59.75,,
2025-09-11,88.2649,119.3253,103.1946,59.76,,
2025-09-12,88.2806,119.6555,103.5961,59.87,,
2025-09-15,88.269,119.6822,103.4601,59.82,,
2025-09-16,88.0461,119.9787,103.7629,59.94,,
2025-09-17,87.752,119.706,104.0277,59.9,,
2025-09-18,88.1209,119.8344,103.9263,59.77,,
2025-09-19,88.3055,119.2519,103.932,59.78,,
2025-09-22,88.1447,118.802,103.4901,59.5,,
2025-09-23,88.7435,119.8558,104.6605,60.05,,
2025-09-24,88.7606,119.8014,104.6541,59.95,,
2025-09-25,88.6696,119.3162,104.1685,59.58,,
2025-09-26,88.7234,118.496,103.6183,59.24,,
2025-09-29,88.7558,119.2777,104.0455,59.64,,
2025-09-30,88.7923,119.354,104.222,59.91,,
2025-10-01,88.6778,119.4851,104.3649,60.23,,
2025-10-03,88.7775,119.3211,104.0804,60.16,,
2025-10-06,88.7859,119.3259,103.986,59.09,,
2025-10-07,88.7319,119.3752,103.7063,58.9,,
2025-10-08,88.7903,118.876,103.082,58.24,,
2025-10-09,88.7875,118.8871,103.2534,58.06,,
2025-10-10,88.692,118.0136,102.6208,58.02,,
2025-10-13,88.7797,118.6434,103.2135,58.48,,
2025-10-14,88.7907,118.0798,102.7971,58.5,,
2025-10-15,88.2898,117.9899,102.6616,58.45,,
2025-10-16,87.9039,117.8762,102.4614,58.12,,
2025-10-17,87.9097,118.2749,102.9827,58.66,,
2025-10-20,87.7861,117.8499,102.3972,58.3,,
2025-10-23,87.9474,117.3934,101.9797,57.65,,
2025-10-24,87.7058,116.8498,101.789,57.33,,
2025-10-27,88.0637,117.3936,102.4169,57.58,,
2025-10-28,88.296,117.9623,102.9596,58.09,,
2025-10-29,88.2834,116.8707,102.6771,57.99,,
2025-10-30,88.6048,116.9814,102.9753,57.76,,
2025-10-31,88.7241,116.6947,102.6745,57.61,,
2025-11-03,88.7932,116.6974,102.4348,57.59,,
2025-11-04,88.6372,116.3168,102.1384,57.72,,
2025-11-06,88.6026,115.751,101.981,57.58,,
2025-11-07,88.705,116.3691,102.3041,57.81,,
2025-11-10,88.6761,116.6558,102.5332,57.59,,
2025-11-11,88.6983,116.8044,102.5435,57.53,,
2025-11-12,88.6362,116.4544,102.6431,57.31,,
2025-11-13,88.716,116.3924,102.7633,57.26,,
2025-11-14,88.742,116.7194,103.3188,57.44,,
2025-11-17,88.63,116.445,102.7925,57.26,,
2025-11-18,88.6344,116.5844,102.7828,57.15,,
2025-11-19,88.4558,116.3152,102.5091,56.92,,
2025-11-20,88.6915,115.8376,102.1874,56.29,,
2025-11-21,88.6402,116.0791,102.3209,56.42,,
2025-11-24,89.1919,116.8997,102.7824,56.94,,
2025-11-25,89.2213,116.8966,102.7728,56.93,,
2025-11-26,89.2649,117.7755,103.4925,57.17,,
2025-11-27,89.2942,118.4166,103.6128,57.24,,
2025-11-28,89.4557,118.2694,103.6309,57.2,,
2025-12-01,89.7436,118.6285,104.0469,57.65,,
2025-12-02,89.8887,118.7699,104.35,57.73,,
2025-12-03,90.2697,119.5026,105.1022,58.02,,
2025-12-04,90.1865,120.2589,105.1142,58.04,,
2025-12-05,89.9238,120.0009,104.8248,58.15,,
2025-12-08,90.1745,120.2146,105.1705,58.08,,
2025-12-09,89.9644,119.9387,104.7563,57.66,,
2025-12-10,89.8822,119.638,104.554,57.35,,
2025-12-11,90.3702,120.7707,105.597,57.91,,
2025-12-12,90.3883,121.0583,106.0779,58.03,,
2025-12-15,90.7228,121.2117,106.4414,58.5,,
2025-12-16,91.0202,121.6103,106.9506,58.76,,
2025-12-17,90.3291,120.9025,105.9121,58.19,,
2025-12-18,90.1303,120.4676,105.8388,57.82,,
2025-12-19,90.1975,120.6494,105.6784,57.75,,
2025-12-22,89.5467,119.9514,104.9153,56.91,,
2025-12-23,89.8314,121.1305,105.7393,57.54,,
2025-12-24,89.7703,121.3694,105.9433,57.64,,
2025-12-26,89.8296,121.24,105.8522,57.5,,
2025-12-29,89.9756,121.4053,105.8407,57.58,,
2025-12-30,89.9429,121.5656,105.9269,57.64,,
2025-12-31,89.9198,121.0237,105.5557,57.42,,
2026-01-01,89.9792,121.2476,105.6915,57.42,,
2026-01-02,90.1242,121.351,105.8401,57.42,,
2026-01-05,90.2729,121.278,105.523,57.48,,
2026-01-06,90.181,122.2139,105.807,57.65,,
2026-01-07,89.9432,121.4887,105.1784,57.53,,
2026-01-08,89.893,120.972,104.995,57.42,,
2026-01-09,90.1395,121.0201,105.0065,57.26,,
2026-01-12,90.1899,121.1695,105.227,57.08,,
2026-01-13,90.2677,121.5689,105.2299,56.81,,
2026-01-14,90.2016,121.1997,105.0482,56.62,,
2026-01-16,90.6497,121.3147,105.2244,57.24,,
2026-01-19,90.9705,121.8841,105.7769,57.64,,
2026-01-20,91.0356,122.3257,106.1918,57.48,,
2026-01-21,91.55,123.0347,107.3106,57.89,,
2026-01-22,91.5826,122.9484,107.0552,57.67,24.9345,54.1873
2026-01-23,91.6195,123.6246,107.6211,57.75,24.9446,54.4459
2026-01-27,91.8244,125.6856,109.0635,59.45,25.0001,54.7462
2026-01-28,91.6945,126.5946,109.9869,60.06,24.965,54.8777
2026-01-29,91.9644,127.253,110.2273,60.08,25.0381,54.8276
2026-01-30,91.8983,126.3834,109.5661,59.72,25.0204,54.7299
2026-02-02,91.6443,125.2429,108.5692,59.2,24.9512,54.5291
2026-02-03,90.4495,123.8875,106.8558,58.19,24.6259,53.9228
2026-02-04,90.4693,124.1106,107.0559,57.89,24.6313,53.9408
2026-02-05,90.3957,123.0328,106.5488,57.6,24.611,53.7129
2026-02-06,90.4163,122.7431,106.6864,57.64,24.6171,53.5486
2026-02-09,90.4006,123.0834,107.0458,57.77,24.6121,53.6956
2026-02-10,90.5773,123.8614,107.8697,58.31,24.6606,53.9036
2026-02-11,90.5675,123.8384,107.9643,59.21,24.6578,54.0032
2026-02-12,90.5947,123.358,107.4459,59.1,24.665,53.8236
2026-02-13,90.7415,123.4459,107.6218,59.2,24.7063,53.8542
2026-02-16,90.7125,123.7572,107.6497,59.24,24.6975,53.9163
2026-02-17,90.7744,123.5706,107.5205,59.38,24.7141,53.9213
2026-02-18,90.6669,122.9262,107.3901,59.09,24.6855,53.6748
2026-02-20,90.9518,122.2938,106.906,58.6,24.7625,53.8975
2026-02-23,90.7461,122.7444,107.3042,58.8,24.7063,54.0009
2026-02-24,90.9661,122.7024,107.1562,58.65,24.7661,54.0437
2026-02-25,90.9502,123.0144,107.3594,58.44,24.7619,54.1649
2026-02-26,90.9072,123.2532,107.4432,58.27,24.7503,54.2699
2026-02-27,90.9542,122.5408,107.3654,58.34,24.7628,54.2378
2026-03-02,91.4514,122.4449,107.392,58.26,24.8983,54.2382
2026-03-04,92.2828,122.8622,107.0124,58.55,25.1243,54.5143
2026-03-05,91.6275,122.046,106.2635,58.31,24.9462,54.2125
2026-03-06,91.6829,122.4932,106.4139,58.08,24.9615,54.1366
2026-03-09,92.2639,122.9121,106.5882,58.18,25.1194,54.4038
2026-03-10,92.0174,123.699,106.996,58.4,25.052,54.5251
2026-03-11,91.9257,123.6425,106.9611,58.21,25.0276,54.5044
2026-03-12,92.353,123.4655,106.6197,58.07,25.1431,54.6222
2026-03-13,92.4405,123.2035,106.3072,57.99,25.1669,54.5534
2026-03-16,92.3966,122.3707,105.5896,57.99,25.1551,54.3391
2026-03-17,92.457,122.8267,106.095,57.99,25.1713,54.4093
2026-03-18,92.4514,123.6371,106.7616,58.29,25.1698,54.6406
2026-03-20,93.3483,125.1564,107.9436,58.94,25.4135,55.1079
2026-03-23,93.898,124.8167,108.2231,58.83,25.5642,55.2382
2026-03-24,93.8792,125.8263,108.7403,59.16,25.5583,55.45
2026-03-25,93.9657,125.7631,108.9488,59.1,25.5818,55.5504
2026-03-27,94.5988,126.1986,109.1594,59.26,25.7542,55.7793
2026-03-30,94.6543,125.6347,109.0064,59.25,25.7694,55.7077
2026-04-02,93.2088,123.1854,107.4828,58.49,25.3762,54.7646
2026-04-06,93.0591,122.9919,107.2568,58.32,25.3346,54.6004
2026-04-07,92.9625,123.078,107.2632,58.18,25.309,54.3961
2026-04-08,92.5586,124.3019,108.1985,58.49,25.1995,54.4571
2026-04-09,92.7129,124.1364,108.0921,58.36,25.2413,54.273
2026-04-10,92.6492,124.3124,108.276,58.16,25.2239,54.1412
2026-04-13,93.3684,125.2176,109.1539,58.49,25.4212,54.5221
2026-04-15,93.3885,126.6877,110.1156,58.76,25.4247,54.4826
2026-04-16,93.337,126.634,110.1041,58.74,25.4112,54.4312
2026-04-17,92.7235,125.2738,109.1992,58.14,25.2439,53.9521
2026-04-20,93.0681,125.5147,109.3618,58.55,25.3378,54.1684
2026-04-21,93.4404,126.3252,110.0167,58.83,25.4392,54.5193
2026-04-22,93.8351,126.8425,110.2569,58.95,25.5464,54.6493
2026-04-23,94.0802,126.9568,110.1428,58.93,25.6149,54.385
2026-04-24,94.2958,126.9467,110.1362,59.02,25.6716,54.5594
2026-04-27,94.2168,127.5287,110.4654,59.14,25.6506,54.6957
2026-04-28,94.521,127.7483,110.6179,59.36,25.7333,54.806
2026-04-29,94.787,127.9454,110.8844,59.34,25.8061,54.711
2026-04-30,95.2417,128.1953,111.0683,59.28,25.9303,54.7835
